family,products,param,filled_products,coverage_pct,status,top_categories
PVA,103,Тип,82,79.6,use_filter,PVA матеріали та аксесуари / Інструменти (52) | PVA матеріали та аксесуари / PVA матеріали (51)
PVA,103,Матеріал,82,79.6,use_filter,PVA матеріали та аксесуари / Інструменти (52) | PVA матеріали та аксесуари / PVA матеріали (51)
PVA,103,Бренд,68,66.0,use_filter,PVA матеріали та аксесуари / Інструменти (52) | PVA матеріали та аксесуари / PVA матеріали (51)
PVA,103,Країна-виробник,27,26.2,use_filter,PVA матеріали та аксесуари / Інструменти (52) | PVA матеріали та аксесуари / PVA матеріали (51)
PVA,103,Довжина,16,15.5,card_only_until_more_data,PVA матеріали та аксесуари / Інструменти (52) | PVA матеріали та аксесуари / PVA матеріали (51)
PVA,103,Розмір,11,10.7,card_only_until_more_data,PVA матеріали та аксесуари / Інструменти (52) | PVA матеріали та аксесуари / PVA матеріали (51)
PVA,103,Кількість в упаковці,3,2.9,skip_for_now,PVA матеріали та аксесуари / Інструменти (52) | PVA матеріали та аксесуари / PVA матеріали (51)
PVA,103,Ширина,1,1.0,skip_for_now,PVA матеріали та аксесуари / Інструменти (52) | PVA матеріали та аксесуари / PVA матеріали (51)
Інше,3074,Тип,2928,95.3,use_filter,Приманки / мандула (915) | Приманки / блешні (710) | Приманки / воблери (556) | Зимова ловля / мормишки (264) | ліквіди і атрактанти / всі (147)
Інше,3074,Матеріал,2855,92.9,use_filter,Приманки / мандула (915) | Приманки / блешні (710) | Приманки / воблери (556) | Зимова ловля / мормишки (264) | ліквіди і атрактанти / всі (147)
Інше,3074,Бренд,2697,87.7,use_filter,Приманки / мандула (915) | Приманки / блешні (710) | Приманки / воблери (556) | Зимова ловля / мормишки (264) | ліквіди і атрактанти / всі (147)
Інше,3074,Країна-виробник,2662,86.6,use_filter,Приманки / мандула (915) | Приманки / блешні (710) | Приманки / воблери (556) | Зимова ловля / мормишки (264) | ліквіди і атрактанти / всі (147)
Інше,3074,Колір,1692,55.0,use_filter,Приманки / мандула (915) | Приманки / блешні (710) | Приманки / воблери (556) | Зимова ловля / мормишки (264) | ліквіди і атрактанти / всі (147)
Інше,3074,Вага,1082,35.2,use_filter,Приманки / мандула (915) | Приманки / блешні (710) | Приманки / воблери (556) | Зимова ловля / мормишки (264) | ліквіди і атрактанти / всі (147)
Інше,3074,Розмір,496,16.1,card_only_until_more_data,Приманки / мандула (915) | Приманки / блешні (710) | Приманки / воблери (556) | Зимова ловля / мормишки (264) | ліквіди і атрактанти / всі (147)
Волосінь та шнури,554,Тип,554,100.0,use_filter,Волосінь та шнури / волосінь (232) | Волосінь та шнури / шнури (160) | Волосінь та шнури / готові повідці (102) | Волосінь та шнури / флюорокарбон (58) | Волосінь та шнури / повідковий матеріал (2)
Волосінь та шнури,554,Бренд,552,99.6,use_filter,Волосінь та шнури / волосінь (232) | Волосінь та шнури / шнури (160) | Волосінь та шнури / готові повідці (102) | Волосінь та шнури / флюорокарбон (58) | Волосінь та шнури / повідковий матеріал (2)
Волосінь та шнури,554,Країна-виробник,547,98.7,use_filter,Волосінь та шнури / волосінь (232) | Волосінь та шнури / шнури (160) | Волосінь та шнури / готові повідці (102) | Волосінь та шнури / флюорокарбон (58) | Волосінь та шнури / повідковий матеріал (2)
Волосінь та шнури,554,Матеріал,481,86.8,use_filter,Волосінь та шнури / волосінь (232) | Волосінь та шнури / шнури (160) | Волосінь та шнури / готові повідці (102) | Волосінь та шнури / флюорокарбон (58) | Волосінь та шнури / повідковий матеріал (2)
Волосінь та шнури,554,Колір,441,79.6,use_filter,Волосінь та шнури / волосінь (232) | Волосінь та шнури / шнури (160) | Волосінь та шнури / готові повідці (102) | Волосінь та шнури / флюорокарбон (58) | Волосінь та шнури / повідковий матеріал (2)
Волосінь та шнури,554,Діаметр,392,70.8,use_filter,Волосінь та шнури / волосінь (232) | Волосінь та шнури / шнури (160) | Волосінь та шнури / готові повідці (102) | Волосінь та шнури / флюорокарбон (58) | Волосінь та шнури / повідковий матеріал (2)
Волосінь та шнури,554,Довжина,193,34.8,use_filter,Волосінь та шнури / волосінь (232) | Волосінь та шнури / шнури (160) | Волосінь та шнури / готові повідці (102) | Волосінь та шнури / флюорокарбон (58) | Волосінь та шнури / повідковий матеріал (2)
Волосінь та шнури,554,Розривне навантаження,98,17.7,card_only_until_more_data,Волосінь та шнури / волосінь (232) | Волосінь та шнури / шнури (160) | Волосінь та шнури / готові повідці (102) | Волосінь та шнури / флюорокарбон (58) | Волосінь та шнури / повідковий матеріал (2)
Волосінь та шнури,554,PE,66,11.9,card_only_until_more_data,Волосінь та шнури / волосінь (232) | Волосінь та шнури / шнури (160) | Волосінь та шнури / готові повідці (102) | Волосінь та шнури / флюорокарбон (58) | Волосінь та шнури / повідковий матеріал (2)
Все для монтажу,555,Тип,555,100.0,use_filter,Все для монтажу / грузила / спінінгові (213) | Все для монтажу / карабіни вертлюги та кільця (137) | Все для монтажу / Інше для оснащення (117) | Все для монтажу / Годівниці (88)
Все для монтажу,555,Матеріал,515,92.8,use_filter,Все для монтажу / грузила / спінінгові (213) | Все для монтажу / карабіни вертлюги та кільця (137) | Все для монтажу / Інше для оснащення (117) | Все для монтажу / Годівниці (88)
Все для монтажу,555,Вага,282,50.8,use_filter,Все для монтажу / грузила / спінінгові (213) | Все для монтажу / карабіни вертлюги та кільця (137) | Все для монтажу / Інше для оснащення (117) | Все для монтажу / Годівниці (88)
Все для монтажу,555,Бренд,249,44.9,use_filter,Все для монтажу / грузила / спінінгові (213) | Все для монтажу / карабіни вертлюги та кільця (137) | Все для монтажу / Інше для оснащення (117) | Все для монтажу / Годівниці (88)
Все для монтажу,555,Розмір,146,26.3,use_filter,Все для монтажу / грузила / спінінгові (213) | Все для монтажу / карабіни вертлюги та кільця (137) | Все для монтажу / Інше для оснащення (117) | Все для монтажу / Годівниці (88)
Все для монтажу,555,Кількість в упаковці,134,24.1,use_filter,Все для монтажу / грузила / спінінгові (213) | Все для монтажу / карабіни вертлюги та кільця (137) | Все для монтажу / Інше для оснащення (117) | Все для монтажу / Годівниці (88)
Все для монтажу,555,Країна-виробник,103,18.6,card_only_until_more_data,Все для монтажу / грузила / спінінгові (213) | Все для монтажу / карабіни вертлюги та кільця (137) | Все для монтажу / Інше для оснащення (117) | Все для монтажу / Годівниці (88)
Все для монтажу,555,Форма грузила,68,12.3,card_only_until_more_data,Все для монтажу / грузила / спінінгові (213) | Все для монтажу / карабіни вертлюги та кільця (137) | Все для монтажу / Інше для оснащення (117) | Все для монтажу / Годівниці (88)
Все для монтажу,555,Покриття,16,2.9,skip_for_now,Все для монтажу / грузила / спінінгові (213) | Все для монтажу / карабіни вертлюги та кільця (137) | Все для монтажу / Інше для оснащення (117) | Все для монтажу / Годівниці (88)
Все для монтажу,555,Вид монтажу,0,0.0,skip_for_now,Все для монтажу / грузила / спінінгові (213) | Все для монтажу / карабіни вертлюги та кільця (137) | Все для монтажу / Інше для оснащення (117) | Все для монтажу / Годівниці (88)
Вудилища,751,Тип вудилища,750,99.9,use_filter,Вудилища / Коропові (250) | Вудилища / Спінінгові (209) | Вудилища / Махові (119) | Зимова ловля / вудилища (66) | Вудилища / Запчастини та аксесуари для вудок (47)
Вудилища,751,Країна-виробник,742,98.8,use_filter,Вудилища / Коропові (250) | Вудилища / Спінінгові (209) | Вудилища / Махові (119) | Зимова ловля / вудилища (66) | Вудилища / Запчастини та аксесуари для вудок (47)
Вудилища,751,Кількість секцій,741,98.7,use_filter,Вудилища / Коропові (250) | Вудилища / Спінінгові (209) | Вудилища / Махові (119) | Зимова ловля / вудилища (66) | Вудилища / Запчастини та аксесуари для вудок (47)
Вудилища,751,Матеріал бланка,741,98.7,use_filter,Вудилища / Коропові (250) | Вудилища / Спінінгові (209) | Вудилища / Махові (119) | Зимова ловля / вудилища (66) | Вудилища / Запчастини та аксесуари для вудок (47)
Вудилища,751,Тип рукояті,741,98.7,use_filter,Вудилища / Коропові (250) | Вудилища / Спінінгові (209) | Вудилища / Махові (119) | Зимова ловля / вудилища (66) | Вудилища / Запчастини та аксесуари для вудок (47)
Вудилища,751,Транспортна довжина,675,89.9,use_filter,Вудилища / Коропові (250) | Вудилища / Спінінгові (209) | Вудилища / Махові (119) | Зимова ловля / вудилища (66) | Вудилища / Запчастини та аксесуари для вудок (47)
Вудилища,751,Тип пропускних кілець,645,85.9,use_filter,Вудилища / Коропові (250) | Вудилища / Спінінгові (209) | Вудилища / Махові (119) | Зимова ловля / вудилища (66) | Вудилища / Запчастини та аксесуари для вудок (47)
Вудилища,751,Бренд,641,85.4,use_filter,Вудилища / Коропові (250) | Вудилища / Спінінгові (209) | Вудилища / Махові (119) | Зимова ловля / вудилища (66) | Вудилища / Запчастини та аксесуари для вудок (47)
Вудилища,751,Кастинг-тест,344,45.8,use_filter,Вудилища / Коропові (250) | Вудилища / Спінінгові (209) | Вудилища / Махові (119) | Зимова ловля / вудилища (66) | Вудилища / Запчастини та аксесуари для вудок (47)
Вудилища,751,Довжина,235,31.3,use_filter,Вудилища / Коропові (250) | Вудилища / Спінінгові (209) | Вудилища / Махові (119) | Зимова ловля / вудилища (66) | Вудилища / Запчастини та аксесуари для вудок (47)
Вудилища,751,Тест,0,0.0,skip_for_now,Вудилища / Коропові (250) | Вудилища / Спінінгові (209) | Вудилища / Махові (119) | Зимова ловля / вудилища (66) | Вудилища / Запчастини та аксесуари для вудок (47)
Гачки,491,Тип,491,100.0,use_filter,Гачки (491)
Гачки,491,Покриття,480,97.8,use_filter,Гачки (491)
Гачки,491,Країна-виробник,474,96.5,use_filter,Гачки (491)
Гачки,491,Бренд,451,91.9,use_filter,Гачки (491)
Гачки,491,Розмір,367,74.7,use_filter,Гачки (491)
Гачки,491,Кількість в упаковці,80,16.3,card_only_until_more_data,Гачки (491)
Гачки,491,Призначення,8,1.6,skip_for_now,Гачки (491)
Гачки,491,Форма,1,0.2,skip_for_now,Гачки (491)
Готові монтажі,192,Тип,192,100.0,use_filter,Готові монтажі / інші (121) | Готові монтажі / оранж (71)
Готові монтажі,192,Бренд,112,58.3,use_filter,Готові монтажі / інші (121) | Готові монтажі / оранж (71)
Готові монтажі,192,Розмір,78,40.6,use_filter,Готові монтажі / інші (121) | Готові монтажі / оранж (71)
Готові монтажі,192,Вид монтажу,36,18.8,card_only_until_more_data,Готові монтажі / інші (121) | Готові монтажі / оранж (71)
Готові монтажі,192,Кількість гачків,26,13.5,card_only_until_more_data,Готові монтажі / інші (121) | Готові монтажі / оранж (71)
Готові монтажі,192,Країна-виробник,10,5.2,card_only_until_more_data,Готові монтажі / інші (121) | Готові монтажі / оранж (71)
Готові монтажі,192,Довжина,13,6.8,skip_for_now,Готові монтажі / інші (121) | Готові монтажі / оранж (71)
Готові монтажі,192,Матеріал повідця,0,0.0,skip_for_now,Готові монтажі / інші (121) | Готові монтажі / оранж (71)
Котушки,286,Тип котушки,280,97.9,use_filter,Котушки / Коропові (163) | Котушки / Спінінгові (67) | Котушки / Фідерні (26) | Котушки / Безінерційні котушки (23) | Котушки / аксесуари до котушок (7)
Котушки,286,Система гальма,280,97.9,use_filter,Котушки / Коропові (163) | Котушки / Спінінгові (67) | Котушки / Фідерні (26) | Котушки / Безінерційні котушки (23) | Котушки / аксесуари до котушок (7)
Котушки,286,Матеріал корпусу,280,97.9,use_filter,Котушки / Коропові (163) | Котушки / Спінінгові (67) | Котушки / Фідерні (26) | Котушки / Безінерційні котушки (23) | Котушки / аксесуари до котушок (7)
Котушки,286,Країна-виробник,280,97.9,use_filter,Котушки / Коропові (163) | Котушки / Спінінгові (67) | Котушки / Фідерні (26) | Котушки / Безінерційні котушки (23) | Котушки / аксесуари до котушок (7)
Котушки,286,Передаточне число,277,96.9,use_filter,Котушки / Коропові (163) | Котушки / Спінінгові (67) | Котушки / Фідерні (26) | Котушки / Безінерційні котушки (23) | Котушки / аксесуари до котушок (7)
Котушки,286,Бренд,253,88.5,use_filter,Котушки / Коропові (163) | Котушки / Спінінгові (67) | Котушки / Фідерні (26) | Котушки / Безінерційні котушки (23) | Котушки / аксесуари до котушок (7)
Котушки,286,Розмір,116,40.6,use_filter,Котушки / Коропові (163) | Котушки / Спінінгові (67) | Котушки / Фідерні (26) | Котушки / Безінерційні котушки (23) | Котушки / аксесуари до котушок (7)
Котушки,286,Підшипники,51,17.8,card_only_until_more_data,Котушки / Коропові (163) | Котушки / Спінінгові (67) | Котушки / Фідерні (26) | Котушки / Безінерційні котушки (23) | Котушки / аксесуари до котушок (7)
Котушки,286,Вага,1,0.3,card_only_until_more_data,Котушки / Коропові (163) | Котушки / Спінінгові (67) | Котушки / Фідерні (26) | Котушки / Безінерційні котушки (23) | Котушки / аксесуари до котушок (7)
Насадочні,673,Тип насадки,665,98.8,use_filter,Насадочні / поп-ап (352) | Насадочні / зернові (174) | Насадочні / бойли (139) | Насадочні / діпи (8)
Насадочні,673,Бренд,658,97.8,use_filter,Насадочні / поп-ап (352) | Насадочні / зернові (174) | Насадочні / бойли (139) | Насадочні / діпи (8)
Насадочні,673,Країна-виробник,616,91.5,use_filter,Насадочні / поп-ап (352) | Насадочні / зернові (174) | Насадочні / бойли (139) | Насадочні / діпи (8)
Насадочні,673,Аромат,547,81.3,use_filter,Насадочні / поп-ап (352) | Насадочні / зернові (174) | Насадочні / бойли (139) | Насадочні / діпи (8)
Насадочні,673,Діаметр,413,61.4,use_filter,Насадочні / поп-ап (352) | Насадочні / зернові (174) | Насадочні / бойли (139) | Насадочні / діпи (8)
Насадочні,673,Плавучість,352,52.3,use_filter,Насадочні / поп-ап (352) | Насадочні / зернові (174) | Насадочні / бойли (139) | Насадочні / діпи (8)
Насадочні,673,Об'єм,87,12.9,card_only_until_more_data,Насадочні / поп-ап (352) | Насадочні / зернові (174) | Насадочні / бойли (139) | Насадочні / діпи (8)
Насадочні,673,Смак,0,0.0,skip_for_now,Насадочні / поп-ап (352) | Насадочні / зернові (174) | Насадочні / бойли (139) | Насадочні / діпи (8)
Пелетси,220,Тип насадки,220,100.0,use_filter,Пелетси / Bounty (69) | Пелетси / Інші бренди (62) | Пелетси / Anvi (25) | Пелетси / RPF (21) | Пелетси / Puhach (20)
Пелетси,220,Бренд,219,99.5,use_filter,Пелетси / Bounty (69) | Пелетси / Інші бренди (62) | Пелетси / Anvi (25) | Пелетси / RPF (21) | Пелетси / Puhach (20)
Пелетси,220,Країна-виробник,164,74.5,use_filter,Пелетси / Bounty (69) | Пелетси / Інші бренди (62) | Пелетси / Anvi (25) | Пелетси / RPF (21) | Пелетси / Puhach (20)
Пелетси,220,Аромат,142,64.5,use_filter,Пелетси / Bounty (69) | Пелетси / Інші бренди (62) | Пелетси / Anvi (25) | Пелетси / RPF (21) | Пелетси / Puhach (20)
Пелетси,220,Діаметр,65,29.5,use_filter,Пелетси / Bounty (69) | Пелетси / Інші бренди (62) | Пелетси / Anvi (25) | Пелетси / RPF (21) | Пелетси / Puhach (20)
Пелетси,220,Вага,65,29.5,use_filter,Пелетси / Bounty (69) | Пелетси / Інші бренди (62) | Пелетси / Anvi (25) | Пелетси / RPF (21) | Пелетси / Puhach (20)
Пелетси,220,Об'єм,5,2.3,skip_for_now,Пелетси / Bounty (69) | Пелетси / Інші бренди (62) | Пелетси / Anvi (25) | Пелетси / RPF (21) | Пелетси / Puhach (20)
Прикормка,452,Тип насадки,452,100.0,use_filter,Прикормка / Технопланктон (201) | Прикормка / Інші бренди (104) | Прикормка / Real Fish (37) | Прикормка / Fanatik / все скопом (31) | Прикормка / Anvi (24)
Прикормка,452,Призначення,452,100.0,use_filter,Прикормка / Технопланктон (201) | Прикормка / Інші бренди (104) | Прикормка / Real Fish (37) | Прикормка / Fanatik / все скопом (31) | Прикормка / Anvi (24)
Прикормка,452,Консистенція,430,95.1,use_filter,Прикормка / Технопланктон (201) | Прикормка / Інші бренди (104) | Прикормка / Real Fish (37) | Прикормка / Fanatik / все скопом (31) | Прикормка / Anvi (24)
Прикормка,452,Бренд,416,92.0,use_filter,Прикормка / Технопланктон (201) | Прикормка / Інші бренди (104) | Прикормка / Real Fish (37) | Прикормка / Fanatik / все скопом (31) | Прикормка / Anvi (24)
Прикормка,452,Вага,240,53.1,use_filter,Прикормка / Технопланктон (201) | Прикормка / Інші бренди (104) | Прикормка / Real Fish (37) | Прикормка / Fanatik / все скопом (31) | Прикормка / Anvi (24)
Прикормка,452,Об'єм,167,36.9,use_filter,Прикормка / Технопланктон (201) | Прикормка / Інші бренди (104) | Прикормка / Real Fish (37) | Прикормка / Fanatik / все скопом (31) | Прикормка / Anvi (24)
Прикормка,452,Країна-виробник,7,1.5,card_only_until_more_data,Прикормка / Технопланктон (201) | Прикормка / Інші бренди (104) | Прикормка / Real Fish (37) | Прикормка / Fanatik / все скопом (31) | Прикормка / Anvi (24)
Прикормка,452,Аромат,25,5.5,skip_for_now,Прикормка / Технопланктон (201) | Прикормка / Інші бренди (104) | Прикормка / Real Fish (37) | Прикормка / Fanatik / все скопом (31) | Прикормка / Anvi (24)
Прикормка,452,Тип суміші,0,0.0,skip_for_now,Прикормка / Технопланктон (201) | Прикормка / Інші бренди (104) | Прикормка / Real Fish (37) | Прикормка / Fanatik / все скопом (31) | Прикормка / Anvi (24)
Сигналізатори,78,Тип,78,100.0,use_filter,Сигналізатори клювання / механічні (67) | Сигналізатори клювання / кивок (10) | Сигналізатори клювання / електронні (1)
Сигналізатори,78,Країна-виробник,74,94.9,use_filter,Сигналізатори клювання / механічні (67) | Сигналізатори клювання / кивок (10) | Сигналізатори клювання / електронні (1)
Сигналізатори,78,Колір підсвічування,67,85.9,use_filter,Сигналізатори клювання / механічні (67) | Сигналізатори клювання / кивок (10) | Сигналізатори клювання / електронні (1)
Сигналізатори,78,Бренд,32,41.0,use_filter,Сигналізатори клювання / механічні (67) | Сигналізатори клювання / кивок (10) | Сигналізатори клювання / електронні (1)
Сигналізатори,78,Джерело живлення,0,0.0,skip_for_now,Сигналізатори клювання / механічні (67) | Сигналізатори клювання / кивок (10) | Сигналізатори клювання / електронні (1)
Сигналізатори,78,Водонепроникність,0,0.0,skip_for_now,Сигналізатори клювання / механічні (67) | Сигналізатори клювання / кивок (10) | Сигналізатори клювання / електронні (1)
Туризм,195,Тип,195,100.0,use_filter,"Туризм / одяг та взуття (119) | Туризм / посуд (30) | Туризм / ліхтарі (25) | Туризм / батарейки (12) | Туризм / плити, горілки балони (9)"
Туризм,195,Матеріал,166,85.1,use_filter,"Туризм / одяг та взуття (119) | Туризм / посуд (30) | Туризм / ліхтарі (25) | Туризм / батарейки (12) | Туризм / плити, горілки балони (9)"
Туризм,195,Бренд,121,62.1,use_filter,"Туризм / одяг та взуття (119) | Туризм / посуд (30) | Туризм / ліхтарі (25) | Туризм / батарейки (12) | Туризм / плити, горілки балони (9)"
Туризм,195,Сезон,119,61.0,use_filter,"Туризм / одяг та взуття (119) | Туризм / посуд (30) | Туризм / ліхтарі (25) | Туризм / батарейки (12) | Туризм / плити, горілки балони (9)"
Туризм,195,Розмір,88,45.1,use_filter,"Туризм / одяг та взуття (119) | Туризм / посуд (30) | Туризм / ліхтарі (25) | Туризм / батарейки (12) | Туризм / плити, горілки балони (9)"
Туризм,195,Країна-виробник,29,14.9,card_only_until_more_data,"Туризм / одяг та взуття (119) | Туризм / посуд (30) | Туризм / ліхтарі (25) | Туризм / батарейки (12) | Туризм / плити, горілки балони (9)"
Туризм,195,Вага,10,5.1,card_only_until_more_data,"Туризм / одяг та взуття (119) | Туризм / посуд (30) | Туризм / ліхтарі (25) | Туризм / батарейки (12) | Туризм / плити, горілки балони (9)"
Туризм,195,Живлення,14,7.2,skip_for_now,"Туризм / одяг та взуття (119) | Туризм / посуд (30) | Туризм / ліхтарі (25) | Туризм / батарейки (12) | Туризм / плити, горілки балони (9)"
Херабуна,255,Тип,255,100.0,use_filter,"Херабуна / поплавки (188) | Херабуна / готові оснастки (38) | Херабуна / тісто (20) | Херабуна / підсак, садок (9)"
Херабуна,255,Матеріал,136,53.3,use_filter,"Херабуна / поплавки (188) | Херабуна / готові оснастки (38) | Херабуна / тісто (20) | Херабуна / підсак, садок (9)"
Херабуна,255,Бренд,133,52.2,use_filter,"Херабуна / поплавки (188) | Херабуна / готові оснастки (38) | Херабуна / тісто (20) | Херабуна / підсак, садок (9)"
Херабуна,255,Країна-виробник,44,17.3,card_only_until_more_data,"Херабуна / поплавки (188) | Херабуна / готові оснастки (38) | Херабуна / тісто (20) | Херабуна / підсак, садок (9)"
Херабуна,255,Довжина,32,12.5,card_only_until_more_data,"Херабуна / поплавки (188) | Херабуна / готові оснастки (38) | Херабуна / тісто (20) | Херабуна / підсак, садок (9)"
Херабуна,255,Розмір,4,1.6,card_only_until_more_data,"Херабуна / поплавки (188) | Херабуна / готові оснастки (38) | Херабуна / тісто (20) | Херабуна / підсак, садок (9)"
Херабуна,255,Тест,0,0.0,skip_for_now,"Херабуна / поплавки (188) | Херабуна / готові оснастки (38) | Херабуна / тісто (20) | Херабуна / підсак, садок (9)"
Чохли,63,Тип,63,100.0,use_filter,Чохли / всі (63)
Чохли,63,Бренд,58,92.1,use_filter,Чохли / всі (63)
Чохли,63,Матеріал,53,84.1,use_filter,Чохли / всі (63)
Чохли,63,Колір,41,65.1,use_filter,Чохли / всі (63)
Чохли,63,Довжина,22,34.9,use_filter,Чохли / всі (63)
Чохли,63,Кількість відділень,22,34.9,use_filter,Чохли / всі (63)
Чохли,63,Країна-виробник,3,4.8,card_only_until_more_data,Чохли / всі (63)
