name;product_count;unique_values;top_values;top_categories;recommended_type;filter_recommendation
Тип;6449;100;Силіконова приманка (915) | Блешня (615) | Воблер (545) | Прикормка (430) | Одинарний (371) | Безінерційна котушка (296) | Мормишка (264) | Монофільна волосінь (252);Приманки / мандула (915) | Приманки / блешні (710) | Приманки / воблери (556) | Гачки (491) | Зимова ловля / мормишки (264);text;card_only
Країна-виробник;5782;40;Україна (3643) | Японія (760) | Китай (663) | Польща (360) | Франція (87) | США (58) | Німеччина (31) | Невідома (26);Приманки / мандула (862) | Приманки / блешні (709) | Приманки / воблери (545) | Гачки (474) | Насадочні / поп-ап (334);select;filter
Матеріал;4924;176;силікон (868) | латунь (593) | ABS (539) | Сталь (498) | Нейлон / PE (401) | Свинець (273) | Пластик (263) | Метал (255);Приманки / мандула (915) | Приманки / блешні (710) | Приманки / воблери (549) | Гачки (491) | Зимова ловля / мормишки (264);text;card_only
Призначення;4504;37;Коропова риболовля (1035) | Спінінгова риболовля (915) | Монтаж оснастки (546) | Основна ліска / шнур (392) | Спінінгова / фідерна риболовля (298) | Риболовля (244) | Поплавкова ловля (188) | Фідерна риболовля (119);Приманки / мандула (915) | Волосінь та шнури / волосінь (232) | Все для монтажу / грузила / спінінгові (213) | Прикормка / Технопланктон (201) | Херабуна / поплавки (188);select;filter
Колір;2918;550;прозорий (210) | Чорний (198) | різні (146) | різноманітні (90) | Прозорий (84) | Жовтий (79) | Зелений (74) | металеве (68);Приманки / мандула (720) | Приманки / блешні (704) | Насадочні / поп-ап (332) | Волосінь та шнури / волосінь (209) | Волосінь та шнури / шнури (159);text;card_only
Вага;2106;218;30 г (82) | 3 г (80) | 400 г (80) | 20 г (79) | 7 г (78) | 2 г (75) | 10 г (62) | 40 г (58);Приманки / блешні (434) | Приманки / воблери (223) | Зимова ловля / мормишки (198) | Все для монтажу / грузила / спінінгові (183) | Приманки / мандула (136);text;card_only
Розмір;1449;229;"6 (80) | 4 (72) | 8 (71) | 3"" (57) | 2"" (56) | 2 (45) | S (44) | 10 (40)";Гачки (367) | Приманки / мандула (321) | Все для монтажу / карабіни вертлюги та кільця (101) | Туризм / одяг та взуття (86) | Котушки / Коропові (56);text;card_only
Тип насадки;1356;7;Прикормка (430) | Поп-ап (352) | Пелетс / гранула (220) | Зернова (178) | Бойли (136) | Пінотісто / макуха (22) | Тісто (18);Насадочні / поп-ап (352) | Прикормка / Технопланктон (201) | Насадочні / зернові (174) | Насадочні / бойли (139) | Прикормка / Інші бренди (104);select;filter
Діаметр;984;121;10 мм (189) | 8 мм (101) | 12 мм (57) | 0.35 мм (47) | 0.3 мм (44) | 20 мм (43) | 0.25 мм (27) | 0.2 мм (23);Насадочні / поп-ап (329) | Волосінь та шнури / волосінь (200) | Волосінь та шнури / шнури (118) | Насадочні / бойли (84) | Волосінь та шнури / флюорокарбон (58);text;card_only
Довжина;957;144;3 м (109) | 4 м (61) | 25 м (43) | 10 м (42) | 3.6 м (34) | 5 м (31) | 2 м (31) | 2.4 м (25);Зимова ловля / мормишки (186) | Приманки / мандула (84) | Вудилища / Коропові (72) | Вудилища / Спінінгові (72) | Волосінь та шнури / готові повідці (69);text;card_only
Плавучість;918;6;Плаваюча (378) | плаваючий (368) | Плаваючий (156) | суспендер (14) | тонучий (1) | плаваючий/тонучий/суспендер (1);Приманки / воблери (540) | Насадочні / поп-ап (352) | Пелетси / Bounty (26);select;filter
Аромат;878;629;Тигровий горіх (26) | Слива (19) | Полуниця (18) | Солодка кукурудза (12) | Кальмар (10) | Часник (9) | Краб (8) | Природний (8);Насадочні / поп-ап (348) | ліквіди і атрактанти / всі (143) | Насадочні / бойли (98) | Насадочні / зернові (94) | Пелетси / Bounty (69);text;card_only
Тип приманки;851;18;Силіконова приманка (491) | слаг (117) | віброхвіст (78) | Силіконова (32) | твістер (30) | черв'як (29) | силіконова приманка (20) | Черв'як (16);Приманки / мандула (851);select;filter
Тип вудилища;753;2;Спінінг (663) | Махова / херабуна (90);Вудилища / Коропові (250) | Вудилища / Спінінгові (209) | Вудилища / Махові (119) | Зимова ловля / вудилища (65) | Вудилища / Запчастини та аксесуари для вудок (47);select;filter
Кількість секцій;747;8;2 (630) | 3 (50) | 1 (30) | 5 (22) | 4 (8) | 6 (4) | 2+3 (2) | Телескопічне (1);Вудилища / Коропові (250) | Вудилища / Спінінгові (200) | Вудилища / Махові (119) | Зимова ловля / вудилища (65) | Вудилища / Запчастини та аксесуари для вудок (47);select;filter
Матеріал бланка;741;44;Carbon (351) | Карбон (164) | карбон (66) | Композитний (23) | скловолокно (18) | Графіт (15) | Вуглецеве волокно (12) | вуглецеве волокно (11);Вудилища / Коропові (250) | Вудилища / Спінінгові (200) | Вудилища / Махові (119) | Зимова ловля / вудилища (65) | Вудилища / Запчастини та аксесуари для вудок (47);select;filter
Тип рукояті;741;18;EVA (640) | Гумова (39) | Ергономічна (21) | корок (12) | Ева (7) | Корок (6) | ергономічна (4) | Гумовий (2);Вудилища / Коропові (250) | Вудилища / Спінінгові (200) | Вудилища / Махові (119) | Зимова ловля / вудилища (65) | Вудилища / Запчастини та аксесуари для вудок (47);select;filter
Форма;686;89;Краплинка (101) | Кулька (53) | ліквід (51) | краплинка (45) | Порошок (29) | Ліквід (28) | спрей (23) | Паста / пресована насадка (22);Зимова ловля / мормишки (264) | ліквіди і атрактанти / всі (112) | Все для монтажу / грузила / спінінгові (61) | Прикормка / Технопланктон (48) | Підсаки, Садки, кукани / Підсаки (20);text;card_only
Транспортна довжина;675;85;120 см (69) | 130 см (59) | 125 см (54) | 120 (49) | 110 см (49) | 100 см (46) | 150 см (42) | 185 см (32);Вудилища / Коропові (232) | Вудилища / Спінінгові (188) | Вудилища / Махові (113) | Зимова ловля / вудилища (46) | Вудилища / Запчастини та аксесуари для вудок (43);text;card_only
Тип пропускних кілець;645;3;SiC (635) | звичайні (9) | Fuji (1);Вудилища / Коропові (250) | Вудилища / Спінінгові (200) | Вудилища / Махові (109) | Вудилища / Запчастини та аксесуари для вудок (47) | Вудилища / Фідерні (39);select;filter
Кількість гачків;569;6;2 (549) | 3 (10) | 4 (6) | 1 (2) | 2-3 (1) | 5 (1);Приманки / воблери (540) | Готові монтажі / інші (20) | Готові монтажі / оранж (6) | Все для монтажу / грузила / спінінгові (2) | Підсаки, Садки, кукани / Садки кукани (1);select;filter
Кількість в упаковці;554;34;10 шт (148) | 5 шт (88) | 1 шт (44) | 6 шт (35) | 7 шт (33) | 1 (32) | 4 шт (24) | 8 шт (20);Приманки / мандула (225) | Гачки (80) | Все для монтажу / карабіни вертлюги та кільця (49) | Все для монтажу / Інше для оснащення (35) | Все для монтажу / грузила / спінінгові (32);select;filter
Покриття;497;14;нікель (383) | чорний нікель (47) | Нікель (26) | Нікельоване покриття (10) | тефлон (8) | Чорний нікель (5) | червоний нікель (4) | UV Orange (4);Гачки (480) | Все для монтажу / карабіни вертлюги та кільця (12) | Все для монтажу / грузила / спінінгові (3) | Все для монтажу / Інше для оснащення (1) | Приманки / блешні (1);select;filter
Консистенція;451;8;Суха (441) | Волога (3) | Суха суміш + ліквід (2) | Суха (стіки) + рідка (ліквід) (1) | Суха суміш (з додаванням ліквіду) (1) | Сухий мікс + ліквід (1) | Суха (стіки) (1) | Суха (перед змішуванням з ліквідом) (1);Прикормка / Технопланктон (196) | Прикормка / Інші бренди (104) | Прикормка / Fanatik / все скопом (31) | Прикормка / Real Fish (29) | Прикормка / Anvi (24);select;filter
Тип блешні;399;14;Блешня (143) | вертушка (81) | коливалка (65) | блешня (40) | Вертушка (26) | коливна (15) | спіннер (9) | Тел-спіннер (8);Приманки / блешні (399);select;filter
Об'єм;390;67;1 кг (79) | 50 мл (41) | 250 мл (23) | 150 мл (17) | 200 мл (16) | 500 мл (13) | 30 г (13) | 500 г (12);ліквіди і атрактанти / всі (82) | Прикормка / Технопланктон (77) | Насадочні / зернові (71) | Прикормка / Інші бренди (38) | PVA матеріали та аксесуари / PVA матеріали (16);select;filter
Кастинг-тест;354;103;5-25 (26) | 5-20 (22) | 10-30 (21) | 50-100 (13) | 60-120 (13) | 50-80 (13) | 3-15 (10) | 80-120 (10);Вудилища / Спінінгові (143) | Вудилища / Коропові (128) | Вудилища / Махові (44) | Вудилища / Фідерні (20) | Зимова ловля / аксесуари (7);text;card_only
Аромат/склад;324;209;Тигровий горіх (9) | Слива (8) | Полуниця (8) | Часник (8) | Конопля (7) | Криль (7) | Горох, конопля (5) | Аніс (5);Насадочні / зернові (168) | ліквіди і атрактанти / всі (66) | Пелетси / Anvi (22) | Пелетси / Puhach (15) | Пелетси / RPF (14);text;card_only
Сегмент;304;3;Різне (125) | Риболовна фурнітура (111) | Риболовні аксесуари (68);Все для монтажу / Інше для оснащення (89) | Готові монтажі / оранж (71) | Сигналізатори клювання / механічні (67) | Херабуна / готові оснастки (38) | Туризм / посуд (25);select;filter
Матеріал корпусу;293;8;алюміній (192) | графіт (74) | Алюміній (22) | полікарбонат (1) | метал (1) | пластик (1) | Легкий та міцний (1) | Пластик (1);Котушки / Коропові (163) | Котушки / Спінінгові (61) | Котушки / Фідерні (26) | Котушки / Безінерційні котушки (23) | Зимова ловля / аксесуари (12);select;filter
Система гальма;292;8;фронтальне (153) | фронтальна (102) | заднє (14) | Фронтальне (12) | Фронтальна (7) | Заднє (2) | Задня (1) | Плавне гальмування (1);Котушки / Коропові (163) | Котушки / Спінінгові (61) | Котушки / Фідерні (26) | Котушки / Безінерційні котушки (23) | Зимова ловля / аксесуари (12);select;filter
Тип котушки;292;4;безінерційна (263) | Безінерційна (16) | Безінерційна котушка (11) | Інерційна (2);Котушки / Коропові (163) | Котушки / Спінінгові (61) | Котушки / Фідерні (26) | Котушки / Безінерційні котушки (23) | Зимова ловля / аксесуари (12);select;filter
Передаточне число;289;40;6.2:1 (100) | 5.2:1 (97) | 5.5:1 (15) | реалістичне припущення (6) | приблизно 5.2:1 (5) | 7.1:1 (5) | високе (5) | 4.7:1 (4);Котушки / Коропові (161) | Котушки / Спінінгові (60) | Котушки / Фідерні (26) | Котушки / Безінерційні котушки (23) | Зимова ловля / аксесуари (12);select;filter
Тип кріплення;264;4;Вертикальне (181) | вертикальне (63) | горизонтальне (15) | Горизонтальне (5);Зимова ловля / мормишки (264);select;filter
Тип воблера;229;13;мінноу (115) | крєнк (29) | воблер (27) | Воблер (18) | Мінноу (11) | кренк (9) | попер (7) | плаваючий (5);Приманки / воблери (229);select;filter
Вид;190;4;Класичний (152) | Херабуна (36) | Короп (1) | Мотиль (1);Херабуна / поплавки (188) | Готові монтажі / оранж (1) | Приманки / воблери (1);select;filter
Підтип;177;12;Клітка (70) | Стопор (35) | Свінгер (22) | Метод (16) | Силіконова оснастка (9) | Крона (9) | Під світлячок (6) | Коромисло (4);Все для монтажу / Годівниці (88) | Все для монтажу / Інше для оснащення (41) | Сигналізатори клювання / механічні (31) | Туризм / батарейки (9) | Готові монтажі / оранж (7);select;filter
Тип атрактанту;154;1;Ліквід (154);ліквіди і атрактанти / всі (146) | Насадочні / діпи (8);select;filter
Комплектація;144;17;Готова оснастка (120) | Набір інструментів (9) | 3 (1) | 4 предмети (1) | 5 предмети (1) | Шило та свердло (1) | 10 шт (1) | 5 (1);Готові монтажі / інші (121) | PVA матеріали та аксесуари / Інструменти (13) | Відра, сумки та органайзери / коробки органайзери (6) | Все для монтажу / Інше для оснащення (1) | Все для монтажу / грузила / спінінгові (1);select;filter
Сезон;132;7;Всесезонний (111) | Зимова риболовля (10) | Зима (5) | Зимовий (2) | Універсальний (2) | Зимовий/осінній (1) | Зима / Осінь (1);Туризм / одяг та взуття (119) | Зимова ловля / льодобури (10) | Готові монтажі / оранж (2) | Підсаки, Садки, кукани / Садки кукани (1);select;filter
Склад;118;86;Натуральні інгредієнти (13) | Натуральні компоненти (8) | Природні інгредієнти (6) | Суміш натуральних компонентів (4) | Зернові, аромати, підсилювачі смаку (2) | Природні інгредієнти, аромати (2) | Макуха, ароматизатори (2) | Горох, часник, добавки (2);Прикормка / Технопланктон (40) | PVA матеріали та аксесуари / PVA матеріали (20) | Прикормка / Інші бренди (15) | Прикормка / Fanatik / Кекси (8) | Прикормка / Fanatik / все скопом (8);text;card_only
Розривне навантаження (lb);102;60;25 lb (11) | 10 lb (7) | 15 lb (6) | 16 lb (5) | 30 lb (4) | 12 lb (4) | 20 lb (3) | 4.1 lb (2);Волосінь та шнури / флюорокарбон (43) | Волосінь та шнури / шнури (36) | Волосінь та шнури / готові повідці (16) | Волосінь та шнури / волосінь (7);select;filter
Розривне навантаження;98;82;5.45 кг (4) | 7.7 кг (3) | 4.8 кг (3) | 4.9 кг (2) | 9 кг (2) | 7.56 кг (2) | 6 кг (2) | 6.36 кг (2);Волосінь та шнури / флюорокарбон (43) | Волосінь та шнури / шнури (42) | Волосінь та шнури / волосінь (12) | Волосінь та шнури / готові повідці (1);text;card_only
Кількість відділень;95;27;1 (29) | Багато (21) | 3 (7) | Регульовані (6) | 5 (5) | 4 (3) | 2 (2) | Регульоване (2);Відра, сумки та органайзери / коробки органайзери (52) | Чохли / всі (22) | Відра, сумки та органайзери / сумки (12) | Відра, сумки та органайзери / повідочниці (7) | Приманки / воблери (2);select;filter
Тип з'єднання секцій;92;9;Телескоп (71) | телескоп (11) | Без з'єднання (2) | Монолітне (2) | Немає (2) | матч (1) | Телескопічне (1) | Моноліт (1);Зимова ловля / вудилища (66) | Херабуна / вудилища (21) | Вудилища / Махові (4) | Котушки / Спінінгові (1);select;filter
Матеріал повідця;83;24;Нейлон (31) | Титан (12) | Неопрен/флюорокарбон (5) | Сталевий (4) | Синтетика (3) | Kosadaka Mirage (3) | Пластик/метал (3) | високоміцний (2);Волосінь та шнури / готові повідці (83);select;filter
Тип повідця;78;3;Готовий повідець (69) | Готовий (7) | готовий (2);Волосінь та шнури / готові повідці (78);select;filter
Конструкція;76;7;М'яка (46) | Телескопічна / складна (18) | Жорстка (7) | Телескопічна (2) | Складна (1) | П'ятикутна цільна голова (1) | Автоматична (1);Чохли / всі (53) | Підсаки, Садки, кукани / Підсаки (20) | Підсаки, Садки, кукани / ручки та голови до підсака (2) | Туризм / посуд (1);select;filter
Колір підсвічування;74;29;Зелений (11) | зелений (8) | Яскравий (5) | зелене (5) | зелене/червоне/синє (4) | яскравий (4) | різнокольоровий (4) | Немає (3);Сигналізатори клювання / механічні (66) | Підсаки, Садки, кукани / Садки кукани (4) | Туризм / батарейки (3) | Сигналізатори клювання / електронні (1);select;filter
Форма грузила;74;9;Вухань (26) | Дроп-шот (19) | Банан (11) | Дробинка (6) | Куля (3) | Голова риби (3) | Пуля (3) | Ромб (2);Все для монтажу / грузила / спінінгові (68) | Готові монтажі / інші (6);select;filter
PE;66;20;1 (10) | 0.8 (8) | 1.5 (7) | 1.2 (7) | 0.6 (7) | 6 (4) | 2.5 (3) | 2 (3);Волосінь та шнури / шнури (47) | Волосінь та шнури / флюорокарбон (16) | Волосінь та шнури / волосінь (3);select;filter
Кріплення;51;18;Регульоване (15) | Гвинтове (6) | Стандартне (5) | Універсальне (4) | Затискне (3) | Потужний замок (2) | Швидкознімне (2) | Різьбове (2);підставки та тримачі / підставки та триноги (19) | підставки та тримачі / аксесуари (17) | підставки та тримачі / родподи (14) | Сигналізатори клювання / механічні (1);select;filter
Підшипники;51;9;5 шт (12) | 4 шт (9) | 10 шт (8) | 7 шт (7) | 3 шт (5) | 6 шт (4) | 9 шт (3) | 11 шт (2);Котушки / Коропові (44) | Котушки / Спінінгові (6) | Котушки / Фідерні (1);select;filter
Тип хвоста;50;3;з тройником (29) | З тройником (14) | з тройником/без (7);Приманки / балансири (50);select;filter
Аромат/варіант;40;40;RealFish Горох (1) | RealFish Кисла Груша (1) | RealFish Кріль (1) | RealFish Полуниця (1) | RealFish Слива (1) | RealFish Солодка Кукурудза (1) | RealFish Часник (1) | RealFish Чебрець - Часник (1);Херабуна / тісто (18) | Прикормка / Макуха (9) | Прикормка / Real Fish (8) | Прикормка / Технопланктон (5);select;filter
Упаковка;39;8;Пакет (32) | 800 г (1) | Пластиковий пакет (1) | Мішок (1) | Скло (1) | Плівка (1) | Контейнер (1) | Чохол для зберігання (1);Прикормка / Технопланктон (12) | Прикормка / Anvi (6) | Прикормка / Fanatik / Кекси (5) | Прикормка / Interkril (4) | Прикормка / Real Fish (3);select;filter
Стиль;37;7;Спортивний (22) | Класичний (8) | Камуфляжний (3) | Активний (1) | Захисний (1) | Напівкомбез (1) | Термотреккінгові (1);Туризм / одяг та взуття (36) | Туризм / ліхтарі (1);select;filter
Вид монтажу;36;4;Вбивця карася (23) | На товстолоба (10) | Фідерний (2) | Фідер.пуля (1);Готові монтажі / інші (36);select;filter
Стрій;34;6;Fast (21) | 28 (6) | EX.Fast (3) | EX. Fast (2) | Ex Fast (1) | Medium (1);Вудилища / Спінінгові (25) | Херабуна / вудилища (6) | Вудилища / Запчастини та аксесуари для вудок (2) | Зимова ловля / вудилища (1);select;filter
Глибина занурення;31;11;0.1-0.4 м (10) | 0.3-0.5 м (6) | 0.5-1.5 м (5) | 0.8-1.2 м (3) | 0.5-2 м (1) | 1.2-2.4 м (1) | 0.3-1.5 м (1) | 0.1-0.2 м (1);Приманки / воблери (31);select;filter
Матеріал гачка;28;5;високоякісна сталь (14) | сталь (7) | нержавіюча сталь (5) | високовуглецева сталь (1) | вуглецева сталь (1);Все для монтажу / Інше для оснащення (28);select;filter
Форма джиг-головки;28;2;кулька (27) | асортимент (1);Все для монтажу / Інше для оснащення (28);select;filter
Максимальне навантаження;26;8;120 кг (9) | 150 кг (5) | 15 кг (3) | до 120 кг (3) | 100 кг (3) | 50 кг (1) | До 120 кг (1) | 10 кг (1);Крісла, стільці та столи / стільці (21) | Все для монтажу / карабіни вертлюги та кільця (3) | Все для монтажу / Інше для оснащення (1) | Херабуна / підсак, садок (1);select;filter
Джерело живлення;24;1;Батарейки (24);Туризм / ліхтарі (24);select;filter
Використання;22;11;Для риболовлі (10) | Спортивна та любительська риболовля (2) | Риболовля (2) | Для вилову риби (1) | Для риболовлі та активного відпочинку (1) | Для ловлі хижих риб (1) | Спортивна, любительська, професійна риболовля (1) | Для ловлі риби (1);Підсаки, Садки, кукани / Підсаки (6) | Підсаки, Садки, кукани / Садки кукани (5) | Херабуна / поплавки (4) | Зимова ловля / аксесуари (2) | Крісла, стільці та столи / стільці (2);select;filter
Транспортна довжина (см);22;10;100 (5) | 150 (4) | 120 (4) | 60 (3) | 130 (1) | 40 (1) | 65 (1) | 45 (1);Зимова ловля / вудилища (18) | Херабуна / вудилища (3) | Вудилища / Махові (1);select;filter
Водонепроникність;21;6;Так (10) | Ні (4) | IPX4 (4) | так (1) | IPX6 (1) | 2000 мм (1);Туризм / ліхтарі (11) | Відра, сумки та органайзери / коробки органайзери (5) | Туризм / одяг та взуття (3) | Зимова ловля / сані (1) | Туризм / посуд (1);select;filter
Тип суміші;21;1;Мікс / стік-мікс (21);PVA матеріали та аксесуари / PVA матеріали (21);select;filter
Сумісність;20;17;Для використання з різними снастями (3) | Універсальна (2) | Під флет in-Line (1) | Для всіх видів коропових насадок (1) | Стандартні карпові вудки (1) | Для всіх видів риболовлі (1) | Для всіх типів риболовлі (1) | Для різних видів наживки (1);Готові монтажі / інші (10) | Херабуна / готові оснастки (4) | Все для монтажу / Інше для оснащення (1) | Зимова ловля / аксесуари (1) | Зимова ловля / льодобури (1);select;filter
Підходить для;19;6;Вудилища (8) | Прісної та солоної води (6) | Рибалок любителів та професіоналів (2) | Карпів та інших видів риби (1) | Чоловіків та жінок (1) | Блешні та мормишки (1);Чохли / всі (9) | Херабуна / готові оснастки (6) | Туризм / посуд (2) | Підсаки, Садки, кукани / Садки кукани (1) | Туризм / одяг та взуття (1);select;card_only
Живлення;14;6;Акумулятор/батарейки (5) | Батарейки (4) | Акумулятор (2) | акумулятори (1) | Акумулятор/Батарейки (1) | мережа 220 В (1);Туризм / ліхтарі (13) | Туризм / посуд (1);select;card_only
Застосування;13;8;Риболовля (3) | Для ловлі риби (3) | Ловля малька (2) | Для дому та офісу (1) | Для риболовлі (1) | Риболовля в річках, озерах та водоймах (1) | Риболовля на карпа та інших великих риб (1) | Для зимової рибалки (1);Все для монтажу / грузила / спінінгові (6) | Туризм / посуд (2) | Крісла, стільці та столи / стільці (1) | Підсаки, Садки, кукани / Садки кукани (1) | Херабуна / поплавки (1);select;card_only
Напруга;11;6;9V (5) | 9 V (2) | 3.6 V (1) | 3V (1) | 1.5V (1) | 1.5 В (1);Туризм / батарейки (9) | Туризм / ліхтарі (1) | Туризм / посуд (1);select;card_only
Кількість полиць;10;4;2 (5) | 3 (3) | 1 (1) | 5 (1);Відра, сумки та органайзери / коробки органайзери (8) | Туризм / посуд (2);select;card_only
Номінал;9;9;1000 грн (1) | 2500 грн (1) | 3000 грн (1) | 3500 грн (1) | 4000 грн (1) | 4500 грн (1) | 5000 грн (1) | 1500 грн (1);Подарункові сертифікати / всі (9);select;card_only
Застібка;8;3;Блискавка (6) | Клапан (1) | Так (1);Чохли / всі (4) | Все для монтажу / карабіни вертлюги та кільця (1) | Відра, сумки та органайзери / коробки органайзери (1) | Відра, сумки та органайзери / сумки (1) | Підсаки, Садки, кукани / Садки кукани (1);select;card_only
Висота;7;4;Високі (3) | 20 см (2) | Регульована (1) | Середня (1);Туризм / одяг та взуття (4) | Крісла, стільці та столи / стільці (1) | Туризм / посуд (1) | Чохли / всі (1);select;card_only
Кількість режимів;7;2;3 (5) | 1 (2);Туризм / ліхтарі (7);select;card_only
Смак;7;7;Пряже Молоко (1) | Слива (1) | Часник (1) | Чебрець - Часник (1) | Полуниця (1) | Креветка (1) | Слодка кукурудза (1);Прикормка / Fanatik / Кекси (2) | Прикормка / Real Fish (2) | Прикормка / Технопланктон (2) | Прикормка / Інші бренди (1);select;card_only
Довжина поводка;6;1;40 см (6);Херабуна / готові оснастки (6);select;card_only
Матеріал сітки;6;3;Прогумований (3) | Прогумована (2) | Кордова (1);Підсаки, Садки, кукани / Підсаки (6);select;card_only
Розміри в складеному вигляді;6;6;100x60x10 см (1) | 80 x 15 x 15 см (1) | 80 x 10 x 10 см (1) | 80 x 20 x 10 см (1) | 90 х 15 х 15 см (1) | 40x15 см (1);Крісла, стільці та столи / стільці (5) | Туризм / посуд (1);select;card_only
Сітка;6;3;Прогумована (4) | М'яка (1) | Прорез (1);Підсаки, Садки, кукани / Підсаки (5) | Підсаки, Садки, кукани / Садки кукани (1);select;card_only
Тип товару;6;3;Сертифікат (4) | Прес-форма (1) | Подарунковий сертифікат (1);Подарункові сертифікати / всі (5) | Все для монтажу / Інше для оснащення (1);select;card_only
Кількість предметів;5;3;3 (2) | 4 (2) | 5 (1);PVA матеріали та аксесуари / Інструменти (3) | Туризм / посуд (2);select;card_only
Особливість;5;1;З полицею (5);Крісла, стільці та столи / стільці (5);select;card_only
Потужність;5;4;5 Вт (2) | 3 Вт (1) | Регульована (1) | приблизно 100-200 Вт (1);Туризм / ліхтарі (3) | Туризм / плити, горілки балони (1) | Туризм / посуд (1);select;card_only
Довжина ручки;4;3;Регульована (2) | 120 см (1) | приблизно 1.5 м (1);Підсаки, Садки, кукани / Підсаки (4);select;card_only
Клімат;4;3;Універсальний (2) | Для холодної та дощової погоди (1) | Холодний (1);Туризм / одяг та взуття (4);select;card_only
Кількість пружин;4;2;3 (2) | 2 (2);Готові монтажі / інші (3) | Все для монтажу / грузила / спінінгові (1);select;card_only
Особливості;4;2;Стійкість до пошкоджень, легкість в обслуговуванні (3) | Зручна кліпса для швидкої зміни монтажу (1);Підсаки, Садки, кукани / Садки кукани (3) | Готові монтажі / інші (1);select;card_only
Температурний режим;4;2;-30°C (2) | -15°C (2);Туризм / одяг та взуття (4);select;card_only
Умови використання;4;2;Тепла вода (3) | На відкритому повітрі (1);PVA матеріали та аксесуари / PVA матеріали (3) | Туризм / одяг та взуття (1);select;card_only
Додаткові функції;3;3;Комфортна ручка (1) | Зажим, для зручності використання (1) | Рулетка (1);PVA матеріали та аксесуари / Інструменти (2) | Все для монтажу / Інше для оснащення (1);select;card_only
Кількість місць;3;3;2-4 (1) | 2 (1) | 3 (1);Туризм / посуд (3);select;card_only
Матеріал ручки;3;2;Метал (2) | Пластик (1);Підсаки, Садки, кукани / Підсаки (2) | Зимова ловля / аксесуари (1);select;card_only
Розмір гачка;3;3;№18 (1) | 18 (1) | №6 (1);Готові монтажі / оранж (3);select;card_only
Світловий потік;3;3;500 люмен (1) | 300 люмен (1) | До 300 Лм (1);Туризм / ліхтарі (3);select;card_only
Стать;3;2;Унісекс (2) | Чоловіча (1);Туризм / одяг та взуття (3);select;card_only
Фарбування;3;1;Водостійке (3);Все для монтажу / грузила / спінінгові (3);select;card_only
Час роботи;3;1;до 10 годин (3);Туризм / ліхтарі (3);select;card_only
Ширина;3;3;24 мм (1) | 30 см (1) | 20 см (1);PVA матеріали та аксесуари / PVA матеріали (1) | Підсаки, Садки, кукани / Підсаки (1) | Чохли / всі (1);select;card_only
Ємність;2;1;не менше 500 мАг (2);Туризм / батарейки (2);select;card_only
Водостійкість;2;1;Так (2);Туризм / ліхтарі (2);select;card_only
Габарити;2;1;Стандартні (2);Відра, сумки та органайзери / коробки органайзери (2);select;card_only
Гачки;2;1;мікс (2);Херабуна / готові оснастки (2);select;card_only
Голова;2;2;Трикутна (1) | 40 см (1);Підсаки, Садки, кукани / Підсаки (1) | Херабуна / підсак, садок (1);select;card_only
Довговічність;2;1;Висока (2);PVA матеріали та аксесуари / Інструменти (1) | Все для монтажу / Інше для оснащення (1);select;card_only
Захист;2;1;UV400 (2);Туризм / одяг та взуття (2);select;card_only
Кількість відводів;2;1;1 (2);Готові монтажі / інші (2);select;card_only
Кількість елементів;2;2;3 (1) | Багатофункціональний (1);Готові монтажі / інші (1) | Зимова ловля / аксесуари (1);select;card_only
Кількість елементів у комплекті;2;1;5 (2);Готові монтажі / інші (2);select;card_only
Кількість застібок;2;2;10 (1) | 7 (1);Підсаки, Садки, кукани / Садки кукани (2);select;card_only
Кількість оснасток;2;1;2 (2);Херабуна / готові оснастки (2);select;card_only
Максимальна довжина;2;1;1.7 м (2);Підсаки, Садки, кукани / Підсаки (2);select;card_only
Матеріал оббивки;2;2;Оксфорд (1) | Текстиль (1);Крісла, стільці та столи / стільці (2);select;card_only
Розмір гачків;2;2;№6 (1) | Відповідно до стандартів (1);Готові монтажі / оранж (1) | Готові монтажі / інші (1);select;card_only
Розмір сітки;2;2;приблизно 50 см (1) | 60 см (1);Підсаки, Садки, кукани / Підсаки (2);select;card_only
Розмір частинок;2;2;3-6мм (1) | 3-6 мм (1);Прикормка / Технопланктон (2);select;card_only
Ручка;2;1;Телескопічна (2);Підсаки, Садки, кукани / Підсаки (2);select;card_only
Сезонність;2;2;Зимова (1) | Літній/зимовий (1);Туризм / одяг та взуття (1) | Туризм / посуд (1);select;card_only
Ступінь утеплення;2;2;Середній (1) | Середня (1);Туризм / одяг та взуття (2);select;card_only
Телескопічний;2;1;Так (2);Підсаки, Садки, кукани / Підсаки (2);select;card_only
Теплоізоляція;2;2;До -30°C (1) | Так (1);Туризм / одяг та взуття (2);select;card_only
Утеплення;2;1;Так (2);Туризм / одяг та взуття (2);select;card_only
Фасування;2;1;Пакет (2);Прикормка / Fanatik / все скопом (1) | Прикормка / Інші бренди (1);select;card_only
Форм-фактор;2;2;Крона (1) | 6LR61 (1);Туризм / батарейки (2);select;card_only
Форма голови;2;2;Овальна (1) | П'ятикутна (1);Підсаки, Садки, кукани / Підсаки (2);select;card_only
Формат;2;2;Електронний (1) | AA (міні пальчик) (1);Подарункові сертифікати / всі (1) | Туризм / посуд (1);select;card_only
Яскравість;2;2;До 300 люмен (1) | До 500 люмен (1);Туризм / ліхтарі (2);select;card_only
Витримує навантаження;1;1;до 120 кг (1);Крісла, стільці та столи / стільці (1);select;card_only
Відділення;1;1;Багато (1);Відра, сумки та органайзери / сумки (1);select;card_only
Гачок;1;1;№6 (1);Готові монтажі / оранж (1);select;card_only
Гучність сигналу;1;1;Регульована (1);Сигналізатори клювання / механічні (1);select;card_only
Джерело світла;1;1;Світлодіоди (1);Туризм / ліхтарі (1);select;card_only
Довжина в розкладеному вигляді;1;1;2,4 м (1);Підсаки, Садки, кукани / ручки та голови до підсака (1);select;card_only
Довжина в складеному вигляді;1;1;1,2 м (1);Підсаки, Садки, кукани / ручки та голови до підсака (1);select;card_only
Довжина оснастки;1;1;30 см (1);Готові монтажі / інші (1);select;card_only
Довжина рукоятки;1;1;1.5 м (1);Підсаки, Садки, кукани / Підсаки (1);select;card_only
Довжина шнура;1;1;2 м (1);Підсаки, Садки, кукани / Садки кукани (1);select;card_only
Додаткові особливості;1;1;Легко змінюється (1);Готові монтажі / інші (1);select;card_only
Діаметр голови;1;1;70 см (1);Підсаки, Садки, кукани / Підсаки (1);select;card_only
Діаметр кошика;1;1;40 см (1);Підсаки, Садки, кукани / Підсаки (1);select;card_only
Діаметр рами;1;1;55 см (1);Підсаки, Садки, кукани / Підсаки (1);select;card_only
Діаметр сітки;1;1;0,65 мм (1);Підсаки, Садки, кукани / Садки кукани (1);select;card_only
Діапазон температур;1;1;-40° до +100°С (1);Готові монтажі / оранж (1);select;card_only
Запалювання;1;1;Пєзоелектричне (1);Туризм / плити, горілки балони (1);select;card_only
Категорія;1;1;Мотиль (1);Приманки / воблери (1);select;card_only
Кліматичний режим;1;1;3-сезонний (1);Туризм / посуд (1);select;card_only
Кліматичні умови;1;1;Прохолодна погода (1);Туризм / одяг та взуття (1);select;card_only
Комфорт;1;1;М'яке сидіння (1);Крісла, стільці та столи / стільці (1);select;card_only
Користування;1;1;Онлайн-замовлення (1);Подарункові сертифікати / всі (1);select;card_only
Користувацька група;1;1;Рибалки (1);Зимова ловля / сані (1);select;card_only
Кут;1;1;45° (1);Херабуна / готові оснастки (1);select;card_only
Кут нахилу;1;1;Регульований (1);Туризм / ліхтарі (1);select;card_only
Кут освітлення;1;1;120 градусів (1);Туризм / ліхтарі (1);select;card_only
Кількість вудок;1;1;4 (1);Чохли / всі (1);select;card_only
Кількість конфорок;1;1;1 (1);Туризм / плити, горілки балони (1);select;card_only
Кількість кріплень;1;1;2 (1);Готові монтажі / інші (1);select;card_only
Кількість кілець;1;1;3 (1);Підсаки, Садки, кукани / Садки кукани (1);select;card_only
Кількість поводків;1;1;3 (1);Готові монтажі / інші (1);select;card_only
Кількість підлокітників;1;1;2 (1);Крісла, стільці та столи / стільці (1);select;card_only
Кількість частин;1;1;1 (1);Туризм / посуд (1);select;card_only
Кількість шипів;1;1;6 (1);Зимова ловля / аксесуари (1);select;card_only
Кільця;1;1;Металеві (1);Підсаки, Садки, кукани / Садки кукани (1);select;card_only
Матеріал голови;1;1;Метал (1);Підсаки, Садки, кукани / Підсаки (1);select;card_only
Матеріал каркасу;1;1;Метал (1);Крісла, стільці та столи / стільці (1);select;card_only
Підошва;1;1;Протекторна (1);Туризм / одяг та взуття (1);select;card_only
Регулювання;1;1;Так (1);Туризм / одяг та взуття (1);select;card_only
Режими роботи;1;1;Основний, мигаючий (1);Туризм / ліхтарі (1);select;card_only
Розбірний;1;1;Так (1);Підсаки, Садки, кукани / Підсаки (1);select;card_only
Розмір (мм);1;1;260*187*48 (1);Відра, сумки та органайзери / коробки органайзери (1);select;card_only
Розмір в розкладеному вигляді;1;1;стандартний (1);Крісла, стільці та столи / стільці (1);select;card_only
Розмір в складеному вигляді;1;1;100 x 15 x 15 см (1);Крісла, стільці та столи / стільці (1);select;card_only
Розмір у складеному вигляді;1;1;компактний (1);Туризм / посуд (1);select;card_only
Рік випуску;1;1;2017 (1);Готові монтажі / оранж (1);select;card_only
Система;1;1;Телескопічна (1);Підсаки, Садки, кукани / Підсаки (1);select;card_only
Складність;1;1;Складне (1);Крісла, стільці та столи / стільці (1);select;card_only
Спосіб використання;1;1;Онлайн покупка (1);Подарункові сертифікати / всі (1);select;card_only
Спосіб зарядки;1;1;USB (1);Туризм / ліхтарі (1);select;card_only
Ступінь вологості;1;1;Середня (1);Прикормка / Real Fish (1);select;card_only
Ступінь теплоізоляції;1;1;Середня (1);Туризм / одяг та взуття (1);select;card_only
Ступінь тесту;1;1;До 10 кг (1);Херабуна / готові оснастки (1);select;card_only
Сфера використання;1;1;Риболовля (1);Подарункові сертифікати / всі (1);select;card_only
Сфера застосування;1;1;Стаціонарна риболовля (1);Готові монтажі / інші (1);select;card_only
Телескопічна;1;1;Так (1);Підсаки, Садки, кукани / Підсаки (1);select;card_only
Термін придатності;1;1;24 місяці (1);Приманки / воблери (1);select;card_only
Технологія;1;1;Thinsulate (1);Туризм / одяг та взуття (1);select;card_only
Тип грузила;1;1;Шар (1);Все для монтажу / грузила / спінінгові (1);select;card_only
Тип живлення;1;1;Акумулятор/батарейки (1);Туризм / ліхтарі (1);select;card_only
Тип замка;1;1;Телескопічний посилений (1);Підсаки, Садки, кукани / Підсаки (1);select;card_only
Тип підошви;1;1;Протекторна (1);Туризм / одяг та взуття (1);select;card_only
Форма рами;1;1;П'ятикутна (1);Підсаки, Садки, кукани / Підсаки (1);select;card_only
Форма упаковки;1;1;Пакет (1);Прикормка / Інші бренди (1);select;card_only
Чохол;1;1;є (1);Підсаки, Садки, кукани / Садки кукани (1);select;card_only
Ширина сітки;1;1;80 см (1);Підсаки, Садки, кукани / Підсаки (1);select;card_only
