type,name,count
category,всі,209
category,зернові,174
category,одяг та взуття,118
category,Запчастини та аксесуари для вудок,47
category,поп-ап,45
category,Anvi,39
category,Махові,38
category,Коропові,28
category,PVA матеріали,26
category,вудилища,21
category,Real Fish,16
category,все скопом,16
category,Інше для оснащення,16
category,Boom,16
category,ручки та голови до підсака,15
category,RPF,15
category,родподи,14
category,Гачки,14
category,Інструменти,12
category,Кекси,11
category,повідочниці,10
category,"плити, горілки балони",9
category,сані,8
category,бойли,7
category,Спінінгові,6
category,Інші бренди,3
category,Fanatik,3
category,блешні,1
vendor,Без бренду,145
vendor,3K BAITS,86
vendor,BOOM,72
vendor,RPF,48
vendor,BOUNTY,33
vendor,ROBIN,31
vendor,Fanatik,30
vendor,Flagman,25
vendor,Puhach Baits,18
vendor,RealFish,16
vendor,MIFINE,16
vendor,AnviFishing,16
vendor,FEIMA,15
vendor,WEIDA,14
vendor,Norfin,14
vendor,INTERKRIL,14
vendor,Fishing Mix,12
vendor,Brain,12
vendor,Angel Sport,11
vendor,DreamStan,11
vendor,BOYA,10
vendor,GC,10
vendor,Weida,10
vendor,Lemigo,10
vendor,FANATIK,10
vendor,ProfMontazh,9
vendor,Reis,9
vendor,Herabunafishing,8
vendor,Kalipso,8
vendor,Trinity Baits,7
vendor,Select,7
vendor,Sky Fish,7
vendor,ANVI FISHING,6
vendor,Kyogi,5
vendor,WEDKARSKA,5
vendor,JAXON,5
vendor,UZH BAIT,5
vendor,Viking Fishing,5
vendor,PM,4
vendor,EOS,4
vendor,Stubla,4
vendor,Carp Pro,4
vendor,Mikado,3
vendor,Kaipso,3
vendor,ZEOX,3
vendor,Вершинка,3
vendor,Чехол,3
vendor,Feima,3
vendor,Breeze,3
vendor,Titan,3
vendor,Owner,3
vendor,KALIPSO,3
vendor,Killer,2
vendor,Daiwa,2
vendor,Yuzhiyian,2
vendor,ЧАСНИК,2
vendor,ECLIPSE,2
vendor,Полуниця,2
vendor,КРИЛЬ,2
vendor,NEW,2
vendor,Hi Mera,2
vendor,Перше,2
vendor,КОНОПЛЯ,2
vendor,UP-Coron,2
vendor,Sport Night,2
vendor,D,2
vendor,NEW HUNTER,2
vendor,CG,2
vendor,Sams Fish,2
vendor,Opium Bubble Gum,1
vendor,Opium Тигровий Горіх,1
vendor,Opium Часник,1
vendor,Opium Карась,1
vendor,Opium Полуниця,1
vendor,Opium Мотиль,1
vendor,Opium Конопля,1
vendor,Opium Слива,1
vendor,ЧАСНИК МАКУХА,1
vendor,Safer,1
vendor,Carp-Feeder,1
vendor,Аніс,1
vendor,конопля,1
vendor,криль,1
vendor,ГОРОХ,1
vendor,Запасне1-,1
vendor,Коліно,1
vendor,Зівник,1
vendor,Кільце,1
vendor,Запасний,1
vendor,MISTRALL,1
vendor,Tiger Nut/Corn,1
vendor,CONDOR,1
vendor,Salmon/Strawberry,1
vendor,Спиннинг,1
vendor,Tiger nut\Corn,1
vendor,Art Fishing,1
vendor,Pineapple/Pear,1
vendor,Кільця,1
vendor,Krill/Halibut,1
vendor,Libao,1
vendor,Слива,1
vendor,SQUID\ OCTOPUS,1
vendor,PINEAPPLE\ PEAR,1
vendor,Fruit Mix,1
vendor,Наливайка Карась,1
vendor,Наливайка Конопля,1
vendor,Наливайка Плітка,1
vendor,Наливайка Універсал,1
vendor,Наливайка Часник,1
vendor,Коліандр Ваніль,1
vendor,Короп,1
vendor,ЧАСНИК-ЧЕБРЕЦЬ,1
vendor,АНІС,1
vendor,Fishing Forever,1
vendor,Honey\Stravberry,1
vendor,Afeima,1
vendor,Salmon- Stravberry,1
vendor,Tiger Nut- Corn,1
vendor,Krill- Halibut,1
vendor,ПОЛУНИЦЯ,1
vendor,КРІЛЬ,1
vendor,Приворот Шоколад,1
vendor,Приворот Чорний Часник,1
vendor,Robin\Red,1
vendor,Tuna Extract,1
vendor,Squid\Octopus,1
vendor,Лящ,1
vendor,KAIDA,1
vendor,Цукрова Кукурудза,1
vendor,Rumpol,1
vendor,Пряже Молоко,1
vendor,Marline,1
vendor,Приворот Аніс,1
vendor,Приворот Слива,1
vendor,Приворот Кріль,1
vendor,Приворот Конопля,1
vendor,Квівертип,1
vendor,Приворот Карась,1
vendor,BYOA,1
vendor,Приворот Лящ,1
vendor,Double Garlic,1
vendor,Макуха,1
vendor,Тюльпан,1
vendor,Lucky John,1
vendor,МЕД- ПОЛУНИЦЯ,1
vendor,Techno,1
vendor,ТИГРОВИЙ ГОРІХ,1
vendor,Carp Expert,1
vendor,ЧАСНИК - ЧЕБРЕЦЬ,1
vendor,Azura,1
vendor,KASTMASTER,1
