article,name,categoryId,vendor
000276,Вудка Herabunafishing Золотий бамбук (6.3 м),2,Herabunafishing
000492,Вудка Killer Carp (Japan) (5.4 м),2,Killer
000493,Вудка Killer Carp (Japan) (6.3 м),2,Killer
000602,Вудка Чохол карбоновий Perfect Koi 130*14*11 (Herabunafishing),2,
000649,Вудка Daiwa Homon Thailand 5h. Розмір: 5.4 (28),2,Daiwa
000650,Вудка Daiwa Homon Thailand 5h. Розмір: 6.3 (28),2,Daiwa
00066,Вудка Золотий бамбук Herabunafishing 110 см 57 грам (3.6 м),2,
000660,Вудка Herabunafishing бамбук 110 см 57 грам (3.6 м),2,Herabunafishing
00067,Вудка Золотий бамбук Herabunafishing 110 см 84 грам (4.5 м),2,
000670,Вудка Herabunafishing бамбук 110 см 84 грам (4.5 м),2,Herabunafishing
00068,Вудка Золотий бамбук Herabunafishing 110 см 110 грам (5.4 м),2,
000680,Вудка Herabunafishing бамбук 110 см 110 грам (5.4 м),2,Herabunafishing
000721,Вудка Кріплення підставки до стула,2,
000727,Вудка Yuzhiyian Херабуна Chu Shou (5.4 м),2,Yuzhiyian
000728,Вудка Yuzhiyian Херабуна Chu Shou (6.3 м),2,Yuzhiyian
000839,Вудка Herabunafishing Black gold (3.6 м 28),2,Herabunafishing
000840,Вудка Herabunafishing Black gold (4.5 м 28),2,Herabunafishing
000841,Вудка Herabunafishing Black gold (5.4 м 28),2,Herabunafishing
000842,Вудка Herabunafishing Black gold (6.3 м 28),2,Herabunafishing
00108,Вудка Наконечник для махової вудки 1.0 н.в,2,
013590,Прикормка RealFish (Карась-Халва)1 кг,65,RealFish
013594,Прикормка RealFish (Короп-Слива)1 кг,65,RealFish
013596,Прикормка RealFish (Універсал(Ваніль-Карамель)1 кг,65,RealFish
013597,Прикормка RealFish (Універсал(Любисток Спеції)1 кг,65,RealFish
020721,Прикормка RealFish (Короп-Горох)1 кг,65,RealFish
05.29,Вудка Страхувальник резинка для вудки сіра (Herabunafishing) (5 м),2,
10,Прикормка ЧАСНИК Прикорм Карась 1 кг ANVI FISHING,64,ЧАСНИК
100,Поп-ап Бойли 3-К Baits Pop-Up 8мм (креветка) (8 мм 20 г),57,3K BAITS
101,Поп-ап Бойли 3-К Baits Pop-Up 8мм (тигровий горіх) (8 мм 20 г),57,3K BAITS
102,Поп-ап Бойли 3-К Baits Pop-Up 8мм (зеленогуба мушля) (8 мм 20 г),57,3K BAITS
103,Поп-ап Бойли 3-К Baits Pop-Up 10мм (тигровий горіх) (10 мм 20 г),57,3K BAITS
1031,Одяг/взуття для риболовлі Накомарник,120,
10319-400,Спінінг Вудочка MIFINE MAGICIAN 4004 (50-100 г),13,MIFINE
10319-600,Спінінг Вудочка MIFINE MAGICIAN 6006 (50-100 г),13,MIFINE
107,Поп-ап Бойли 3-К Baits Pop-Up 8мм (кисла груша) (8 мм 20 г),57,3K BAITS
11,Пелетс ЧАСНИК Прикорм Pellets 1 кг ANVI FISHING (5 мм),73,ЧАСНИК
1100СР,Чохол/тубус Чехол для вудилищ ECLIPSE 3сек. 1100СР (1.1 м),32,ECLIPSE
111,Зернова насадка Прикорм 3-К Baits Конопля Natural (натур) (400 г),59,3K BAITS
1154,Спінінг Вудочка Джокер BOYA BU 450,16,BOYA
1155,Спінінг Вудочка Джокер BOYA BU 540,16,BOYA
1156,Спінінг Вудочка Джокер BOYA BU 630,16,BOYA
1157,Спінінг Вудочка Джокер BOYA BU 720,16,BOYA
118,Зернова насадка Кукурудза ROBIN Sweet ж/б HEMP (200 мл),59,ROBIN
119,Зернова насадка Кукурудза ROBIN Sweet ж/б GARLIC (200 мл),59,ROBIN
120,Зернова насадка Кукурудза ROBIN Sweet ж/б VANILLA (200 мл),59,ROBIN
1201,"Прикормка Fanatik Фідер Вбивця Карася, (900 г) [1201]",63,Fanatik
1202,"Прикормка Fanatik Фідер Чорний Часник, (900 г) [1202]",63,Fanatik
1204,"Прикормка Fanatik Фідер Лящ Горох, (900 г) [1204]",63,Fanatik
1205,"Прикормка Fanatik Фідер Лящ Шоколад, (900 г) [1205]",63,Fanatik
121,Зернова насадка Кукурудза ROBIN Sweet ж/б PLUM (200 мл),59,ROBIN
1210,Ліквід Opium Bubble Gum Концентрат Fanatik (30 мл),80,Opium Bubble Gum
1211,Ліквід Opium Тигровий Горіх Концентрат Fanatik (30 мл),80,Opium Тигровий Горіх
1212,Ліквід Opium Часник Концентрат Fanatik (30 мл),80,Opium Часник
1213,Ліквід Opium Карась Концентрат Fanatik (30 мл),80,Opium Карась
1214,Ліквід Opium Полуниця Концентрат Fanatik (30 мл),80,Opium Полуниця
1215,Ліквід Opium Мотиль Концентрат Fanatik (30 мл),80,Opium Мотиль
1216,Ліквід Opium Конопля Концентрат Fanatik (30 мл),80,Opium Конопля
1217,Ліквід Opium Слива Концентрат Fanatik (30 мл),80,Opium Слива
1218,Прикормка Полуниця Прикорм Карась 1 кг ANVI FISHING,64,Полуниця
122,Зернова насадка Кукурудза ROBIN Sweet ж/б PINEAPPLE (200 мл),59,ROBIN
1220,Прикормка ЧАСНИК МАКУХА Прикорм Карась 1 кг ANVI FISHING,64,ЧАСНИК МАКУХА
1223,Зернова насадка TIGER NUT 3-K BAITS,59,3K BAITS
122620,"Сумка рибальська Органайзер для гачків,фурнітури,аксесуарів 23*33 ПМ",85,PM
122623,Сумка рибальська Сумка для аксесуарів з прозорим верхом ПМ,85,PM
122644,Сумка рибальська Повідочниця ПМ Crystal Case 39*14*2 (Medium),85,PM
122701,Чохол/тубус Safer Rods Big для 3-часних вудилищ ( ) ПрофМонтаж (3-4.2 г),32,Safer
122703,Чохол/тубус Чохол з ручками на 1 вудилище Rod Case ПрофМонтаж (1.55 м),32,ProfMontazh
122704,Чохол/тубус Чохол з ручками на 1 вудилище Rod Case ПрофМонтаж (1.35 м),32,ProfMontazh
122705,Чохол/тубус Carp-Feeder 4 Rods ПрофМонтаж (1.35 м),32,Carp-Feeder
123,Зернова насадка Кукурудза ROBIN Sweet ж/б TUTTI FRUTTI (200 мл),59,ROBIN
1235,Спінінг Вудочка б\к MIKADO PRINCESS 400 (10-30 г),16,Mikado
1236,Спінінг Вудочка б\к MIKADO PRINCESS 500 (10-30 г),16,Mikado
1237,Спінінг Вудочка б\к MIKADO PRINCESS 600 (10-30 г),16,Mikado
124,Зернова насадка Кукурудза ROBIN Sweet ж/б HONEY (200 мл),59,ROBIN
1262,Спінінг Карпове вудлище Kyogi тест телескоп (150-300 г 3.6 м),13,Kyogi
1263,Спінінг Карпове вудлище Kyogi тест телескоп (150-300 г 3 м),13,Kyogi
1264,Спінінг Карпове вудлище Kyogi тест телескоп (150-300 г 2.7 м),13,Kyogi
1265,Спінінг Карпове вудлище Kyogi тест телескоп (150-300 г 2.4 м),13,Kyogi
1274,Зернова насадка Горох Полуниця насадочна FSHING MIX пет (100 г),59,Fishing Mix
1275,Зернова насадка Горох Конопля насадочна FSHING MIX пет (100 г),59,Fishing Mix
1276,Зернова насадка Горох Ваніль насадочна FSHING MIX пет (100 г),59,Fishing Mix
1277,Зернова насадка Горох Часник насадочна FSHING MIX пет (100 г),59,Fishing Mix
13160\240,Спінінг EOS Shipboard . . (5-25 г 2.4 м),15,EOS
1330001,Сумка рибальська Коробка GC повоочниця,85,GC
1350,Прикормка RealFish (Карась Линь-Красний Хробак)1 кг,65,RealFish
1351,Прикормка RealFish (Короп-Полуниця)1 кг,65,RealFish
1352,Прикормка RealFish (Гейзер(Кукуруза-Карамель)1 кг,65,RealFish
1353,Прикормка RealFish (Карась-Малина)1 кг,65,RealFish
1354,Прикормка RealFish (Карась-Часник)1 кг,65,RealFish
1355,Прикормка RealFish (Карась(Чебрець-Часник)1 кг,65,RealFish
1360,Зернова насадка Кукурудза насоочна силікон асортимент,59,
1364,Зернова насадка WEDKARSKA Кукурудза Ваніль (польша) (85 г),59,WEDKARSKA
1365,Зернова насадка WEDKARSKA Кукурудза Полуниця (польша) (85 г),59,WEDKARSKA
1366,Зернова насадка WEDKARSKA Кукурудза Мед (польша) (85 г),59,WEDKARSKA
1367,Зернова насадка WEDKARSKA Кукурудза Натуральна (польша) (85 г),59,WEDKARSKA
1368,Зернова насадка WEDKARSKA Кукурудза Часник (польша) (85 г),59,WEDKARSKA
1369,Ліквід Полуниця Спрей Flavouring (50 мл),80,Полуниця
1370,Ліквід Аніс Спрей Flavouring (50 мл),80,Аніс
1371,Ліквід конопля Спрей Flavouring (50 мл),80,конопля
1372,Ліквід криль Спрей Flavouring (50 мл),80,криль
1373,Ліквід Спрей FEEDER SPORT асортимент (50 мл),80,
1374,Ліквід TRINITY BAITS асортимент,80,Trinity Baits
15,Пелетс КРИЛЬ Прикорм Pellets 1 кг (5 мм),73,КРИЛЬ
15520\400,Спінінг Вудочка EXTENSION BOLOGNESE 4004 (5-30 г),13,
15530\400,Спінінг Вудилище EOS Impact Bolognese (15-50 г 4 м),13,EOS
16,Пелетс ГОРОХ Прикорм Pellets 1 кг ANVI FISHING (5 мм),73,ГОРОХ
1606102,Спінінг Конектор 1.4мм KAIPSO (1.4 мм),18,Kaipso
1606103,Спінінг Конектор 1.6мм KAIPSO (1.6 мм),18,Kaipso
1606104,Спінінг Конектор 1.8мм KAIPSO (1.8 мм),18,Kaipso
1610200,Спінінг Конектор ZEOX d1.2,18,ZEOX
1610202,Спінінг Конектор ZEOX d1.6,18,ZEOX
1610203,Спінінг Конектор ZEOX d1.8,18,ZEOX
1639805,Одяг/взуття для риболовлі Напальчник GC Fingen Stall,120,GC
164,Поп-ап Бойли 3-К Baits Pop-Up 8мм (Солодка кукурудза) (8 мм 20 г),57,3K BAITS
165,Поп-ап Бойли 3-К Baits Pop-Up 10мм ( Слива) (10 мм 20 г) [165],57,3K BAITS
1654,Зернова насадка Кукурудза ANGEL SPORT Тутті-Фрутті ж\б (25 мл),59,Angel Sport
1655,Зернова насадка Кукурудза ANGEL SPORT Полуниця з\б (25 мл),59,Angel Sport
1656,Зернова насадка Кукурудза ANGEL SPORT Ваніль з\б (25 мл),59,Angel Sport
1657,Зернова насадка Кукурудза ANGEL SPORT Шоколад ж\б (125 мл),59,Angel Sport
1658,Зернова насадка Кукурудза ANGEL SPORT Часник з\б (25 мл),59,Angel Sport
1659,Зернова насадка Кукурудза ANGEL SPORT Ананас з\б (25 мл),59,Angel Sport
166,Поп-ап Бойли 3-К Baits Pop-Up 10мм ( Белачан) (10 мм 20 г),57,3K BAITS
1660,Зернова насадка Кукурудза ANGEL SPORT Банан з\б (25 мл),59,Angel Sport
1661,Зернова насадка Кукурудза ANGEL SPORT Карамель з\б (25 мл),59,Angel Sport
1662,Спінінг Вудочка WEIDA 520 Б\К (5 м),16,WEIDA
1663,Спінінг Вудочка WEIDA 520 Б\К (6 м),16,WEIDA
1664,Поп-ап Бойли 3-К Baits Pop-Up 8мм (полуниця) (8 мм 20 г),57,3K BAITS
1665,Поп-ап Бойли 3-К Baits Pop-Up 8мм (хот демон) (8 мм 20 г),57,3K BAITS
1665059,Інструмент для риболовлі Палички коркові GC (4 мм),100,GC
1665061,Інструмент для риболовлі Палички коркові GC (8 мм),100,GC
1665073,Інструмент для риболовлі Свердло з корковими паличками GC G Carp Bait Dril Corcks (8 мм),100,GC
1666,Поп-ап Бойли 3-К Baits Pop-Up 8мм (шовковиця) (8 мм 20 г),57,3K BAITS
1668,Поп-ап Бойли 3-К Baits Pop-Up 10мм (ананас) (10 мм 20 г),57,3K BAITS
1669,Поп-ап Бойли 3-К Baits Pop-Up 10мм (шовковиця) (10 мм 20 г),57,3K BAITS
167,Поп-ап Бойли 3-К Baits Pop-Up 10мм (Монстер Краб) (10 мм 20 г),57,3K BAITS
1670,Поп-ап Бойли 3-К Baits Pop-Up 10мм ( Слива) (10 мм 20 г) [1670],57,3K BAITS
1671,Спінінг Запасне 1- коліно зелений (1.2 м),18,
1672,Спінінг Запасне1- коліно (0.68 м),18,Запасне1-
1673,Спінінг Запасне 1- коліно (0.39 м),18,
1674,Спінінг Запасне 1- коліно SOLID асортимент,18,
1675,Спінінг Запасне 1- коліно асортимент карбон,18,
1676,Спінінг Запасне 1- коліно 0.85см D пусте (7 м),18,
1677,Спінінг Запасне 1- коліно (1.2 м),18,
1678,Спінінг Запасне 2-коліна джокер,18,
169,Поп-ап Бойли 3-К Baits Pop-Up 8мм ( Белачан) (8 мм 20 г),57,3K BAITS
1693.37.18,Спінінг Вершинка Favorit U1 TIP 2.28 (4-18 г Fast),18,Вершинка
1693.37.19,Спінінг Вершинка Favorit U1 TIP 2.28 (5-21 г Fast),18,Вершинка
170,Поп-ап Бойли 3-К Baits Pop-Up (мандарин) (8 мм 20 г),57,3K BAITS
1700261,Спінінг Коліно GC Sintez 2-е (5-7 г),18,Коліно
1742,Спінінг Зівник Зівник,18,Зівник
1745,Спінінг Мотовило Стубла пласт. На удочку (м) з ремішком,18,Stubla
1764,Спінінг Мотовило пластик мал,18,
1765,Спінінг Мотовило пластик вел,18,
1788,Спінінг Набір Тюльпан кол.чорний асортимент [1788],18,
1789,Спінінг Набір Тюльпан кол.чорний асортимент [1789],18,
1790,Спінінг Кільце примотне на 2 ножки (50),18,Кільце
1824,Спінінг Запасне 1- коліно,18,
1825,Спінінг Запасний Кінчик з 2 частин,18,Запасний
1839,Спінінг JAXON CARBON SOID TIP,18,JAXON
1841,Чохол/тубус BOYA BY 110,32,BOYA
1842,Спінінг Чехол для спінінгів Sams Fish 2 відділи (1.2 м),15,Чехол
1843,Чохол/тубус Чехол для удилища 3секции MISTRALL (1.1 м),32,MISTRALL
1858.40.80,Підсак Ручка Brain Apex для підсака (1.8 м),92,Brain
1858.40.81,Підсак Ручка Brain Apex для підсака (2.2 м),92,Brain
1858.40.82,Підсак Ручка Brain Apex для підсака (3 м),92,Brain
1858.44.61,Спінінг Вудилище Brain Apex Traveller махове (4 м),16,Brain
1858.44.62,Спінінг Вудилище Brain Apex Traveller махове (5 м),16,Brain
1858.51.67,Підсак Ручка Brain Classic Carp Landing Net Handle (1.8 м),92,Brain
1858.54.72,Чохол/тубус Brain Ree Case L для катушки,32,Brain
1858.54.73,Чохол/тубус Brain Ree Case ХL для катушки,32,Brain
1858.70.76,Підсак Головка підсака Brain Rubber Net 55 45*55* (0.35 м),92,Brain
1858.70.77,Підсак Головка підсака Brain Rubber Net 65 55*65* (0.45 м),92,Brain
1858.70.79,Підсак Головка підсака Brain Specimen Rubber Float 70 65*70* (0.45 м),92,Brain
1858.70.80,Підсак Головка підсака Brain Specitmen 70 65*70* (0.5 м),92,Brain
1870.24.83,Одяг/взуття для риболовлі Окуляри SEECT поляризаціоні SPS2-SBG-Y,120,Select
1870.29.93,Одяг/взуття для риболовлі Рукавиці Select Basic SL-GB01,120,Select
1870.29.95,Одяг/взуття для риболовлі Рукавиці Select Master SL-GM,120,Select
1870.34.92,Одяг/взуття для риболовлі Рукавиці Select Basic SL-GB01L,120,Select
1870.34.94,Одяг/взуття для риболовлі Рукавиці Select Master SL-GML,120,Select
1870.34.95,Одяг/взуття для риболовлі Рукавиці Select Viper Plus SL-GVP M,120,Select
1870.34.96,Одяг/взуття для риболовлі Рукавиці Select Viper Plus SL-GVP L,120,Select
1877,Спінінг NEW HUNTER-B600,16,NEW
188,Зернова насадка Кукурудза UZH BAIT TIGERNUTS XXL Ваніль ж/б (XXL 100 г),59,UZH BAIT
1880,Спінінг NEW HUNTER-B700,16,NEW
1886,Спінінг Вудочка WEIDA TITAN 700,16,WEIDA
189,Зернова насадка Кукурудза UZH BAIT TIGERNUTS XXL Полуниця ж/б (XXL 100 г),59,UZH BAIT
19,Пелетс Tiger Nut/Corn Method Mix 3в1 (400 г),73,Tiger Nut/Corn
1919.00.03,Одяг/взуття для риболовлі Льодоступи Viking Fishing Ice Wolker L( ) (39-46 г L),120,Viking Fishing
1919.00.04,Одяг/взуття для риболовлі Льодоступи Viking Fishing Ice Wolker XL( ) (44-48 г XL),120,Viking Fishing
1919.00.06,Одяг/взуття для риболовлі Льодоступи Viking Fishing Ice Profi M( ) (36-40 г M),120,Viking Fishing
1919.00.07,Одяг/взуття для риболовлі Льодоступи Viking Fishing Ice Profi L( ) (39-46 г L),120,Viking Fishing
1919.00.12,Одяг/взуття для риболовлі Льодоступи Viking Fishing Ice Master XL( ) (44-48 г XL),120,Viking Fishing
1926,Рибальський товар Прес форма силіконова під флет in-line (вел),49,
1941,Спінінг Конектор Condor,18,CONDOR
1968,Спінінг Вудочка WEIDA TITAN 600,16,WEIDA
1971,Спінінг Вудочка WEIDA ORION POLO 700,16,WEIDA
1982,Одяг/взуття для риболовлі Накомарник Сітка,120,
1986,Зернова насадка Горох Криль насадочна FSHING MIX пет (100 г),59,Fishing Mix
1987,Зернова насадка Горох Макух насадочна FSHING MIX пет (100 г),59,Fishing Mix
1988,Зернова насадка Горох Слива насадочна FSHING MIX пет (100 г),59,Fishing Mix
20,Пелетс Salmon/Strawberry Method Mix 3в1 (400 г),73,Salmon/Strawberry
2002,Спінінг Набір Кілець (5 м),18,
2005,Зернова насадка Прикорм 3-К Baits зерновий Мікс Кукурудза(тигровий горіх) (1000 г),59,3K BAITS
2006,Зернова насадка Прикорм 3-К Baits зерновий Мікс Горох l (карамель) (500 г),59,3K BAITS
2006101,Спінінг Kalipso Navigator Pro 2.40 (50-80 г),13,Kalipso
2006103,Спінінг Kalipso Navigator Pro 3.00 (шт.) (80-120 г),13,Kalipso
2018007\L,Спінінг Спиннинг Sun carbon 99% (5-20 г 2.45 м),13,Спиннинг
2039,Прикормка Tiger nut\Corn Прикорм Flat Feeder 1кг,64,Tiger nut\Corn
2040,"Прикормка Прикорм Flat Feeder Krill\Halibut""1кг",64,AnviFishing
2041,Зернова насадка Кукурудза ROBIN Sweet ж/б Полуниця (200 мл),59,ROBIN
2042,Зернова насадка Конопля Robin ж\б (900 мл),59,ROBIN
2043,Зернова насадка Конопля Robin ж\б (200 мл),59,ROBIN
2054,Зернова насадка Горох Мед насадочна FSHING MIX пет (100 г),59,Fishing Mix
2055,Зернова насадка Горох Аніс насадочна FSHING MIX пет (100 г),59,Fishing Mix
2062,Одяг/взуття для риболовлі Дощовик PPD GREEN plaszcz pvc (Польща) M,120,
2063,Одяг/взуття для риболовлі Дощовик PPD GREEN plaszcz pvc (Польща) xl,120,
2064,Одяг/взуття для риболовлі Дощовик Reis PPD Z (Польща) xl,120,Reis
2065,Поп-ап Бойли 3-К Baits Pop-Up 10мм (HOT DEMON) (10 мм 20 г),57,3K BAITS
2067,Зернова насадка Прикорм 3-К Baits зерновий Мікс Горох l (банан) (500 г),59,3K BAITS
2068,Зернова насадка Прикорм 3-К Baits зерновий Мікс Горох з Коноплею (800 г),59,3K BAITS
2069,Зернова насадка Прикорм 3-К Baits зерновий Мікс Кукурудза( з коноплею) (500 г),59,3K BAITS
2070,Зернова насадка Прикорм 3-К Baits зерновий Мікс Кукурудза(тигровий горіх) (500 г),59,3K BAITS
2071,Зернова насадка Прикорм 3-К Baits Конопля Natural (з перцем) (400 г),59,3K BAITS
2076,Ліквід Меляса ART FISHING асортимент (500 г),80,Art Fishing
2089,Чохол/тубус Feima GP-2104 1.5 2,32,Feima
21,Пелетс Pineapple/Pear Method Mix 3в1 (400 г),73,Pineapple/Pear
2106310,Спінінг Кільця Kalipso 2 ніжки,18,Кільця
2118,Інструмент для риболовлі Набір Карп з 5 предметів,100,
2132,Прикормка RealFish (Універсал Смажена Конопля)1 кг,65,RealFish
2134,Прикормка RealFish Лящ Кориця Ваніль1 кг,65,RealFish
2136,Прикормка RealFish Плотва Мотиль1 кг,65,RealFish
2148,Чохол/тубус Kalipso 1. під кат. камиш мякий (3/3),32,Kalipso
2149,Одяг/взуття для риболовлі Костюм Reis KPL MO (Польща ) камуф. xl,120,Reis
2150,Одяг/взуття для риболовлі Костюм Reis KPL MO (Польща ) камуф. 2xl,120,Reis
2151,Одяг/взуття для риболовлі Костюм Reis KPL Z (Польща ) зелений. 2xl,120,Reis
2152,Одяг/взуття для риболовлі Костюм Reis KPL Z (Польща ) зелений. xl,120,Reis
2159,Зернова насадка Тигровий горіх XXL натур (XXL 100 г),59,
22,Пелетс Krill/Halibut Method Mix 3в1 (400 г),73,Krill/Halibut
2212,Чохол/тубус Libao колір сірий (1 м),32,Libao
2213,Чохол/тубус Чехол на три відсіка VA мод R-53 (1 м),32,
2215,Прикормка RealFish (Короп-Кисла Груша)1 кг,65,RealFish
2244,Ліквід BOUNTI HALIBUT TIGER NUT (250 мл),80,BOUNTY
2245,Ліквід BOUNTI SHRIM\KRILL (250 мл),80,BOUNTY
2246,Ліквід BOUNTI KRILL\ ROBIN RED (250 мл),80,ROBIN
2247,Ліквід BOUNTI MONSTER CRAB (250 мл),80,BOUNTY
2248,Ліквід Флюро -Діп BOUNTI LIVER,80,AnviFishing
2252,Прикормка Слива Прикорм Короп 1 кг,64,Слива
2253,Пелетс SQUID\ OCTOPUS Method Mix 3в1 (400 г),73,SQUID\ OCTOPUS
2254,Пелетс PINEAPPLE\ PEAR Method Mix 3в1 (400 г),73,PINEAPPLE\ PEAR
2262,"Чохол/тубус Чехол 2,10 короп",32,
2272,Інструмент для риболовлі Ракета для прикорму біла S,100,
2274,Поп-ап Кукурудза GC POP-UP FLAVORED в діпі ананас (8 мм),57,GC
2275,Поп-ап Кукурудза GC POP-UP FLAVORED в діпі груша (10 мм),57,GC
2276,"Підсак Ручка Суми до Підсаку телескоп 2,4",92,
2277,"Підсак Ручка Суми до Підсаку телескоп 1,9",92,
2279,Чохол/тубус Weida WD-5 1. напів.жорст золоті букви (5/3),32,Weida
2293,Інструмент для риболовлі Набір Бойловий на 3 предм,100,
23,Пелетс Fruit Mix Method Mix 3в1 (400 г),73,Fruit Mix
2328,Ліквід Наливайка Карась Концентрат для прикормки Fanatik (50 мл),80,Наливайка Карась
2329,Ліквід Наливайка Конопля Концентрат для прикормки Fanatik (50 мл),80,Наливайка Конопля
2330,Ліквід Наливайка Плітка Концентрат для прикормки Fanatik (50 мл),80,Наливайка Плітка
2331,Ліквід Наливайка Універсал Концентрат для прикормки Fanatik (50 мл),80,Наливайка Універсал
2332,Ліквід Наливайка Часник Концентрат для прикормки Fanatik (50 мл),80,Наливайка Часник
2338,Зернова насадка Кукурудза Hi Mera скло насадочний асортимент,59,Hi Mera
2340,Одяг/взуття для риболовлі Сапоги DreamStan рибацький напівкомбез чорні (42-43 г),120,DreamStan
2341,Одяг/взуття для риболовлі Сапоги DreamStan рибацький напівкомбез чорні (40-41 г),120,DreamStan
2342,Одяг/взуття для риболовлі Сапоги DreamStan рибацький напівкомбез чорні (44-45 г),120,DreamStan
2353,Зернова насадка Кукурудза силіконова HI-MERA,59,
2354,Зернова насадка Кукурудза ROBIN Sweet ж/б VANILLA (65 мл),59,ROBIN
2355,Зернова насадка Кукурудза ROBIN Sweet ж/б HEMP (65 мл),59,ROBIN
2356,Зернова насадка Кукурудза ROBIN Sweet ж/б TUTTI FRUTTI (65 мл),59,ROBIN
2357,Зернова насадка Кукурудза ROBIN Sweet ж/б PLUM (65 мл),59,ROBIN
2358,Зернова насадка Кукурудза ROBIN Sweet ж/б HONEY (65 мл),59,ROBIN
2359,Ліквід Спрей Fishing Mix Аніс,80,Fishing Mix
2360,Ліквід Спрей Fishing Mix Конопля,80,Fishing Mix
2361,Ліквід Спрей Fishing Mix Часник,80,Fishing Mix
2368,Спінінг Kalipso Navigator Pro 3.60 (шт.) (120-180 г),13,Kalipso
2369,"Спінінг Kalipso Navigator Pro 2,70 (шт.) (50-80 г)",13,Kalipso
2371,Спінінг Вудочка WEIDA 520 Б\К (4 м),16,WEIDA
2373,Зернова насадка Прикорм 3-К Baits зерновий Мікс Горох з Коноплею (400 г),59,3K BAITS
2378,Паливо для туризму Різак,118,
2384,Зернова насадка Кукурудза ROBIN Sweet ж/б натур (65 мл),59,ROBIN
2385,Зернова насадка Прикорм 3-К Baits подрібнений зерновий Мікс з тигровим горіхом (500 г),59,3K BAITS
2386,Зернова насадка Прикорм 3-К Baits подрібнений зерновий Мікс натур (500 г),59,3K BAITS
2424,Чохол/тубус Чехол 2 секції (0.8 м),32,
2425,Чохол/тубус Підсрачник туристичний,32,
2442,Підсак Сітка на Підсак D-60корд,92,
2443,Підсак Сітка на Пдісак D-70корд,92,
2461,Одяг/взуття для риболовлі Термобілизна COLUMBIA MM,120,
2462,Одяг/взуття для риболовлі Термобілизна COLUMBIA XXL,120,
2487,Зернова насадка Прикормка ROBIN Тигровий горіх зб (200 мл),59,ROBIN
2488,Зернова насадка Прикормка ROBIN Тигровий горіх зб чілі (200 мл),59,ROBIN
2489,Зернова насадка Прикормка ROBIN Тигровий горіх зб дроблений (200 мл),59,ROBIN
2494,Спінінг Перше коліно Kalipso на спінінг карбон асорт,18,Перше
2510,Прикормка Коліандр Ваніль Прикорм Універсал 1 кг ANVI FISHING,64,Коліандр Ваніль
2511,Ліквід Короп Спрей Flavouring (50 мл),80,Короп
2531,Спінінг Вудочка Feima PREMACY (30-60 г) [2531],16,FEIMA
2532,Спінінг Вудочка Feima PREMACY (30-60 г) [2532],16,FEIMA
2535,Ліквід Спрей силіконовий для плетінь,80,
2578,Одяг/взуття для риболовлі Рукавички Reis захисні фліс чорні,120,Reis
2603-801504.5,"Спінінг Вудочка MIFINE MAGICIAN 4,5 телескоп (80-150 г)",13,MIFINE
2603-801505,Спінінг Вудочка MIFINE MAGICIAN 5005 телескоп (80-150 г),13,MIFINE
2639900,Одяг/взуття для риболовлі Рукавиці GC 3 Cut SR,120,GC
2639902,Одяг/взуття для риболовлі Рукавиці GC 3 Cut SR-201 XL,120,GC
2639903,Одяг/взуття для риболовлі Рукавиці GC 3 Cut SR-201 XXL,120,GC
2726,Ящик/коробка для снастей Ящик Зимовий,108,
2727,Ящик/коробка для снастей Ящик Зимовий Flagman,108,Flagman
2731,Ящик/коробка для снастей Сані пластикові (0.01 м),108,
2741,Аксесуар для підставки Піставка Род-Под Magellan RP-189 на 4 вуд,87,
2742,Аксесуар для підставки Піставка Род-Под Magellan RP-188 на 4 вуд,87,
2743,Одяг/взуття для риболовлі Рукавички з відкидними пальцями на кнопці Kalina,120,
2745,"Чохол/тубус BOYA BY 1,50 мякий",32,BOYA
2767,Одяг/взуття для риболовлі Рукавички Thinsulate захисні фліс,120,
2768,Ящик/коробка для снастей Кана Flagmanдля живця (6 л),108,Flagman
2778,Аксесуар для підставки Піставка Род-Под FEIMA CP-903 на 5 вуд,87,FEIMA
2779,Аксесуар для підставки Піставка Род-Под FEIMA CP-919 на 4 вуд,87,FEIMA
28,Ліквід ЧАСНИК-ЧЕБРЕЦЬ Спрей Flavouring (50 мл),80,ЧАСНИК-ЧЕБРЕЦЬ
2827,"Зернова насадка Прикорм 3-К Baits Тигровий горіх (натур) зіп пакет 0,400",59,3K BAITS
2828,Зернова насадка Прикорм 3-К Baits подрібнений зерновий Мікс натур (1000 г),59,3K BAITS
2829,Зернова насадка Прикорм 3-К Baits Конопля Natural (натур) (800 г),59,3K BAITS
2844,Зернова насадка Прикорм 3-К Baits подрібнений зерновий Мікс з тигровим горіхом (1000 г),59,3K BAITS
2845,Зернова насадка Прикорм 3-К Baits Конопля з горохом( ) (70/30 400 г),59,3K BAITS
2860,Спінінг Чехол для спінінгів Sams Fish (1.3 м),15,Чехол
2869,Спінінг Набір тюльпанів та кілець,18,
2870,Спінінг Набір тюльпанів [2870],18,
2871,Спінінг Набір Кілець,18,
2872,Спінінг Набір тюльпанів [2872],18,
2873,Спінінг Набір кілець примотні,18,
2891,"Зернова насадка Конопля суха 0,5кг",59,
2896,Чохол/тубус FEIMA GP-2425 1. (500/3),32,FEIMA
2897,Чохол/тубус FEIMA GP-2425 1. (35/3),32,FEIMA
2898,Чохол/тубус FEIMA GP-2104 1. (35/2),32,FEIMA
2899,Чохол/тубус FEIMA GP-2014 1. (5/2),32,FEIMA
29,Ліквід АНІС Спрей Flavouring (50 мл),80,АНІС
2900,Чохол/тубус FEIMA GP-2102 1. (35/2),32,FEIMA
2901,Чохол/тубус FEIMA GP-2016 1. (35/3),32,FEIMA
2939,Спінінг Вудочка WEIDA TITAN 400,16,WEIDA
2943,Прикормка Кекс Макуха пиляна Конопля Fanatik,62,Fanatik
2954,Ліквід Melasa Груша FEEDER SPORT,80,
2955,Ліквід Melasa Конопля FEEDER SPORT [2955],80,
2956,Ліквід Melasa Шоколад FEEDER SPORT,80,
2970,Одяг/взуття для риболовлі Напальчник шкіра,120,
2972,Прикормка Прикорм Гейзер 1 кг ANVI FISHING,64,ANVI FISHING
2973,Ліквід AV KRILL\ Halibut Ami (Booster 250 мл),80,AnviFishing
2974,Ліквід AV Pineapple\ Pear Ami (Booster 250 мл),80,AnviFishing
2975,Ліквід AV Robin Red Ami (Booster 250 мл),80,ROBIN
2976,Ліквід AV Tiger Nut Corn Ami (Booster 250 мл),80,AnviFishing
2977,Ліквід AV Salmon\Strawberry Ami (Booster 250 мл),80,AnviFishing
2978,Сумка рибальська Поводочниця пластик велика,85,
30,Ліквід КОНОПЛЯ Спрей Flavouring (50 мл),80,КОНОПЛЯ
3001,Зернова насадка Насадка 3К Горох Premium (полуниця),59,3K BAITS
3002,Зернова насадка Насадка 3К Горох Premium (слива),59,3K BAITS
3003,Зернова насадка Насадка 3К Горох Premium (мед),59,3K BAITS
3004,Зернова насадка Насадка 3К Горох Premium (тигровий горіх),59,3K BAITS
3005,Зернова насадка Насадка 3К Горох Premium (часник),59,3K BAITS
3006,Зернова насадка Насадка 3К Солодка Кукурудза Premium (тигровий горіх),59,3K BAITS
3007,Зернова насадка Насадка 3К Солодка Кукурудза Premium (часник),59,3K BAITS
3007102- M,Одяг/взуття для риболовлі Термобілизна Cosi Line # M (rfin),120,Norfin
3007103- L,Одяг/взуття для риболовлі Термобілизна Cosi Line # L (rfin),120,Norfin
3007104- XL,Одяг/взуття для риболовлі Термобілизна Cosi Line # XL (rfin),120,Norfin
3007104-XL,Одяг/взуття для риболовлі Термобілизна Activity leve PASSIVE XL (REIN),120,
3007105- XXL,Одяг/взуття для риболовлі Термобілизна Cosi Line # XXL (rfin),120,Norfin
3007105-XXL,Одяг/взуття для риболовлі Термобілизна Activity leve PASSIVE XXL (REIN),120,
3007106- XXXL,Одяг/взуття для риболовлі Термобілизна Cosi Line # XXXL (rfin),120,Norfin
3008,Зернова насадка Насадка 3К Солодка Кукурудза Premium (слива),59,3K BAITS
3009,Зернова насадка Насадка 3К Солодка Кукурудза Premium (полуниця),59,3K BAITS
3010,Зернова насадка Насадка 3К Солодка Кукурудза Premium (мед),59,3K BAITS
3011,Зернова насадка Насадка 3К Солодка Кукурудза Premium (натур),59,3K BAITS
3012,Зернова насадка Кукурудза Fishing Forever скло Ваніль (40 г),59,Fishing Forever
3013,Підсак Сітка для Підсака прорез. J-60,92,
3014,Підсак Сітка для Підсака прорез. J-70,92,
3015,Підсак Сітка для Підсака прорез. J-80,92,
30190\240,Спінінг EOS BULLET 240 IM6 Sec2 (10-35 г),13,EOS
30210\240,Спінінг EOS ONYX 240 IM6 Sec2 (7-35 г),13,EOS
3025003-L,Одяг/взуття для риболовлі Термобілизна Activity leve L (MODERATE REIN),120,
3025004-XL,Одяг/взуття для риболовлі Термобілизна Activity leve XL (MODERATE REIN),120,
3037,Прикормка Honey\Stravberry Прикорм Flat Feeder 1кг,64,Honey\Stravberry
303742-02М,Одяг/взуття для риболовлі Шкарпетки Balance Midle T 39-41р (2 м rfin),120,Norfin
303742-03L,Одяг/взуття для риболовлі Шкарпетки Balance Midle T 42-44р (2 м rfin),120,Norfin
303743-02M,Одяг/взуття для риболовлі Шкарпетки Balance Wool T2P 39-41р (rfin),120,Norfin
303743-03L,Одяг/взуття для риболовлі Шкарпетки Balance Wool T2P 42-44р (rfin),120,Norfin
3039,Ліквід AV Fruit Mix Ami (Booster 250 мл),80,AnviFishing
303903-03L,Одяг/взуття для риболовлі Шкарпетки Nordic Merino Heavy T3P 42-44р (rfin),120,Norfin
3046,Спінінг Вудочка WEIDA TITAN 500,16,WEIDA
3047,Спінінг Вудочка WEIDA ORION POLO 600,16,WEIDA
3058,Чохол/тубус FEIMA GP-2450 1. (500/3),32,FEIMA
3068,Гачок Afeima,33,Afeima
3071,Ліквід Salmon- Stravberry Флюро Діп SMOKE,80,Salmon- Stravberry
3072,Ліквід Tiger Nut- Corn Флюро Діп SMOKE,80,Tiger Nut- Corn
3073,Ліквід Krill- Halibut Флюро Діп SMOKE,80,Krill- Halibut
3079,Прикормка Кекс Макуха пиляна Карась Fanatik,62,Fanatik
3080,Прикормка Кекс Макуха пиляна Пряже Молоко Fanatik,62,Fanatik
3081,Прикормка Кекс Макуха пиляна Кукурудза Fanatik,62,Fanatik
3082,Прикормка Кекс Макуха пиляна Слива Fanatik,62,Fanatik
3091,Спінінг Вудочка WEIDA ORION POLO 500,16,WEIDA
3094,Зернова насадка Прикорм 3-К Baits зерновий Мікс Пшоно l (мед) (1000 г),59,3K BAITS
3095,Зернова насадка Прикорм 3-К Baits зерновий Мікс Пшоно l (натур) (500 г),59,3K BAITS
31,Ліквід ПОЛУНИЦЯ Спрей Flavouring (50 мл),80,ПОЛУНИЦЯ
310,Ліквід Melasa Слива FEEDER SPORT,80,
311,Ліквід Melasa МедFEEDER SPORT,80,
3114,Ліквід CSL BOUNTY HALIBUT TIGER NUT,80,BOUNTY
3115,Ліквід CSL BOUNTY KRILL ROBIN RED,80,BOUNTY
3116,Ліквід CSL BOUNTY RED FISH BLACKBERRY,80,BOUNTY
3117,Ліквід BOUNTY KRILL CRANBERRY (250 мл),80,BOUNTY
312,Ліквід Краб-Банан TRINITY BAITS (500 мл),80,Trinity Baits
313,Ліквід (кокос) COCONUT TRINITY BAITS (500 мл),80,Trinity Baits
314,Ліквід Лікер Висминіг TRINITY BAITS (1000 мл),80,Trinity Baits
3141,Зернова насадка Прикорм 3-К Baits зерновий Мікс Пшоно l (натур) (1000 г),59,3K BAITS
315,Ліквід Лікер Ананас TRINITY BAITS (1000 мл),80,Trinity Baits
3159,Зернова насадка Прикорм 3-К Baits зерновий Мікс Кукурудза( банан) (500 г),59,3K BAITS
316,Ліквід Лікер Перець TRINITY BAITS (1000 мл),80,Trinity Baits
3166,Прикормка Fanatik Хитрий Лящ,63,Fanatik
317,Ліквід Лікер Полуниця TRINITY BAITS (1000 мл),80,Trinity Baits
3171,Зернова насадка Прикорм 3-К Baits зерновий Мікс Кукурудза( з горохом) (1000 г),59,3K BAITS
3172,Зернова насадка Прикорм 3-К Baits зерновий Мікс Універсал( мед) (1000 г),59,3K BAITS
3190,Зернова насадка Кукурудза UP-Coron в діпі PROVOKATOR мед,59,UP-Coron
3191,Зернова насадка Кукурудза UZH BAIT в метал б. Мед,59,UZH BAIT
3192,Зернова насадка Кукурудза UZH BAIT в метал б. Часник,59,UZH BAIT
3193,Зернова насадка Кукурудза UZH BAIT в метал б. натур,59,UZH BAIT
32,Ліквід КРІЛЬ Спрей Flavouring (50 мл),80,КРІЛЬ
3200,Зернова насадка Горох силіконова HI-MERA,59,
3201,Зернова насадка Мікс Кукурудза Тигровий Горіх HI-MERA,59,
3216,Зернова насадка Прикорм 3-К Baits зерновий Мікс Кукурудза( з коноплею) (800 г),59,3K BAITS
3217,Інструмент для риболовлі Набір Суми шило сверло AL,100,
3221,Зернова насадка Кукурудза ANGEL SPORT Конопля з\б (25 мл),59,Angel Sport
3222,Зернова насадка Кукурудза ANGEL SPORT Криль з\б (25 мл),59,Angel Sport
3232,Ліквід Приворот Шоколад Спрей Fanatik,80,Приворот Шоколад
3233,Ліквід Приворот Чорний Часник Спрей Fanatik,80,Приворот Чорний Часник
3238,"Чохол/тубус BOYA BY 1,35",32,BOYA
3254,Пелетс Robin\Red Method Mix 3в1 (400 г),73,Robin\Red
3255,Пелетс Tuna Extract Method Mix 3в1 (400 г),73,Tuna Extract
3256,Пелетс Squid\Octopus Method Mix 3в1 (400 г),73,Squid\Octopus
3257,Пелетс Carp Pellets Trou 1кг 6-8мм AV (8 мм),73,AnviFishing
3258,Пелетс Carp Pellets Ami 6-8мм AV (8 мм 1кг),73,AnviFishing
3259,Пелетс Carp Pellets Double Mix 1кг 6-8мм AV (8 мм),73,AnviFishing
3261,Прикормка Silver Короп Полуниця Солодка Слива 1 кг ANVI FISHING,64,ANVI FISHING
3262,Прикормка Silver Карась Подвійний часник 1 кг ANVI FISHING,64,ANVI FISHING
3263,Прикормка Silver Карась Макуха Халва 1 кг ANVI FISHING,64,ANVI FISHING
3264,Ліквід AV Tuna Extract Ami (Booster 250 мл),80,AnviFishing
3269,Чохол/тубус Weida 1. під катушки мякий (3/2),32,Weida
3277,Спінінг Вудочка Sport Niht 600 до (30 г),16,Sport Night
3278,Спінінг Вудочка Sport Niht 500 до (30 г),16,Sport Night
3283,Зернова насадка Прикорм 3-К Baits зерновий Мікс Горох l (карамель) (1000 г),59,3K BAITS
3293,Одяг/взуття для риболовлі Чоботи Flagman напівкомб. забродний ПВХ нейлон роз.42,120,Flagman
3294,Одяг/взуття для риболовлі Чоботи Flagman напівкомб. забродний ПВХ нейлон роз.47,120,Flagman
3295,Одяг/взуття для риболовлі Чоботи Flagman напівкомб. забродний ПВХ нейлон роз.44,120,Flagman
3296,Одяг/взуття для риболовлі Чоботи Flagman напівкомб. забродний ПВХ нейлон роз.45,120,Flagman
3297,Паливо для туризму Вугілля [3297],118,
3304,Чохол/тубус Чехол для вудилищ Breeze 2 секції (1.3 м),32,Breeze
3310,Ліквід Лящ Спрей Flavouring (50 мл),80,Лящ
3311,Спінінг Запасне 1-коліно Kaida IM7 2.4 (10-30 г),18,KAIDA
3319,Зернова насадка Прикорм 3-К Baits зерновий Мікс Кукурудза( банан) (1000 г),59,3K BAITS
3320,Зернова насадка Прикорм 3-К Baits зерновий Мікс Кукурудза( карамель) (1000 г),59,3K BAITS
3321,Зернова насадка Прикорм 3-К Baits зерновий Мікс Кукурудза( мед) (1000 г),59,3K BAITS
3359,Прикормка Цукрова Кукурудза Прикорм Короп 1 кг,64,Цукрова Кукурудза
3404,Одяг/взуття для риболовлі Сапоги DreamStan рибацькі заброди чорні (40-41 г),120,DreamStan
3408,Сумка рибальська Повідочниця ПМ Rig-Box Big на 50п,85,PM
3414,Одяг/взуття для риболовлі Костюм Reis KPL MO (Польща ) камуф.L,120,Reis
3415,Одяг/взуття для риболовлі Костюм Reis KPL MO (Польща ) камуф.M,120,Reis
3417,Зернова насадка Насадка 3К Горох Premium (натур),59,3K BAITS
3418,Зернова насадка Прикорм 3-К Baits Тигровий горіх (натур) банка (1 л),59,3K BAITS
3425,Одяг/взуття для риболовлі Сапоги DreamStan піна з манжетом і чулком (42-43 г),120,DreamStan
3426,Одяг/взуття для риболовлі Сапоги DreamStan піна з манжетом і чулком (43-44 г),120,DreamStan
3433,Зернова насадка Кукурудза UP-Coron в діпі PROVOKATOR кукурудза,59,UP-Coron
3438,Інструмент для риболовлі Ракета для прикорму М біло - червоний,100,
3443,Одяг/взуття для риболовлі Костюм Flagman дощовий зелений XL,120,Flagman
3444,Одяг/взуття для риболовлі Костюм Flagman дощовий зелений XXL,120,Flagman
3493,Одяг/взуття для риболовлі Термобілизна Хм.,120,
3506,Одяг/взуття для риболовлі Чоботи Flagman напівкомб. забродний ПВХ нейлон роз.46,120,Flagman
3509,Подарунковий сертифікат Сертифкат . [3509],122,
3510,Подарунковий сертифікат Сертифікат . [3510],122,
3511,Подарунковий сертифікат Сертифікат . [3511],122,
3527,Чохол/тубус Weida wd-14 жорсткий (1.5 м),32,Weida
3528,Чохол/тубус Feima GP-777 жорсткий (1.35 м),32,Feima
3529,Одяг/взуття для риболовлі Термобілизна Prof Montazh мікрофліс Magnetic чорно-сіра XL -15*C,120,ProfMontazh
3530,Одяг/взуття для риболовлі Термобілизна Prof Montazh мікрофліс Magnetic чорно-сіра XXL -15*C,120,ProfMontazh
3531,Одяг/взуття для риболовлі Термобілизна Prof Montazh мікрофліс Magnetic чорно-сіра L -15*C,120,ProfMontazh
3532,Одяг/взуття для риболовлі Вставка в чоботи LEMIGO (чулок) 44р,120,Lemigo
3533,Одяг/взуття для риболовлі Вставка в чоботи LEMIGO (чулок) 43р,120,Lemigo
3534,Одяг/взуття для риболовлі Вставка в чоботи LEMIGO (чулок) 42р,120,Lemigo
3546,Одяг/взуття для риболовлі Костюм Sky Fish зимовий на флісі куртка + комбінезон хакі 48-50р,120,Sky Fish
3547,Одяг/взуття для риболовлі Костюм Sky Fish зимовий на флісі куртка + комбінезон хакі 52-54р,120,Sky Fish
3548,Одяг/взуття для риболовлі Костюм Sky Fish зимовий на флісі куртка + комбінезон хакі 56-58р,120,Sky Fish
3655,Одяг/взуття для риболовлі Термобілизна Prof Montazh мікрофліс Magnetic чорно-сіра M -15*C,120,ProfMontazh
3658,Одяг/взуття для риболовлі Рукавиці Rumpol Xl,120,Rumpol
3659,Ящик/коробка для снастей Сани 2 рибальські 80*42*20 (rfin),108,Norfin
3660,Ящик/коробка для снастей Сани 3 рибальські 100*53*26 (rfin),108,Norfin
3685,Подарунковий сертифікат Сертифкат . [3685],122,
3686,Подарунковий сертифікат Сертифкат . [3686],122,
3687,Подарунковий сертифікат Сертифкат . [3687],122,
3688,Подарунковий сертифікат Сертифкат . [3688],122,
3689,Подарунковий сертифікат Сертифкат . [3689],122,
3690,Подарунковий сертифікат Сертифкат . [3690],122,
3691,Ящик/коробка для снастей Сані зимові 890x530x (225 мм 1),108,
3703,Чохол/тубус Чехол для вудилищ ECLIPSE 3сек. 1035м золоті літери (1.35 м),32,ECLIPSE
3733,Одяг/взуття для риболовлі Наколінники Fagman зимові (2 шт),120,Flagman
374,Прикормка RealFish (Карась Линь-Творог)1 кг,65,RealFish
3740,Одяг/взуття для риболовлі Наколінники EVA Профмонтаж,120,ProfMontazh
3745,Інструмент для риболовлі Пучковяз Feima (розширювач кембрика),100,FEIMA
3748,Спінінг Вудочка Джокер BOYA BU 360,16,BOYA
3750,Прикормка Silver Короп Свіжа Випічка 1 кг ANVI FISHING,64,ANVI FISHING
3751,Прикормка Silver Карась Опариш 1 кг ANVI FISHING,64,ANVI FISHING
3752,Прикормка Пряже Молоко Прикорм Універсал 1 кг ANVI FISHING,64,Пряже Молоко
3758,Мікс ПВА - стіки Кукурудза (10стіків + Ліквіду) (50 мл),99,RPF
3759,Мікс ПВА - стіки Горох (10стіків + Ліквіду) (50 мл),99,RPF
3760,Мікс ПВА - стіки Кальмар Тигровий горіх (10стіків + Ліквіду) (50 мл),99,RPF
3761,Мікс ПВА - стіки Кальмар Чилі (10стіків + Ліквіду) (50 мл),99,RPF
3762,Мікс ПВА - стіки Білочан Лосось (10стіків + Ліквіду) (50 мл),99,RPF
3763,Мікс ПВА - стіки Мотиль Опариш (10стіків + Ліквіду) (50 мл),99,RPF
3764,Мікс ПВА - стіки Конопля Тигровий горіх (10стіків + Ліквіду) (50 мл),99,RPF
3766,Мікс ПВА - стіки Креветка (10стіків + Ліквіду) Sport (50 мл),99,RPF
377,Зернова насадка Прикорм 3-К Baits зерновий Мікс Горох l (мед) (500 г),59,3K BAITS
378,Зернова насадка Прикорм 3-К Baits зерновий Мікс Кукурудза( з горохом) (500 г),59,3K BAITS
3782,Поп-ап Pop-Up Краб Банана 10мм RPF (два кольори) (10 мм),57,RPF
3784,Поп-ап Pop-Up Клубника Чилі 10мм RPF (два кольори) (10 мм),57,RPF
3786,Поп-ап Pop-Up Кукурудза Тигровий горіх10мм RPF (два кольори) (10 мм),57,RPF
3787,Поп-ап Pop-Up Часник чилі10мм RPF (два кольори) (10 мм),57,RPF
379,Зернова насадка Прикорм 3-К Baits зерновий Мікс Кукурудза( карамель) (500 г),59,3K BAITS
380,Зернова насадка Прикорм 3-К Baits зерновий Мікс Кукурудза( мед) (500 г),59,3K BAITS
3802,Зернова насадка Прикорм 3-К Baits Тигровий горіх (натур) банка (3 л),59,3K BAITS
3803,Зернова насадка Прикорм 3-К Baits Тигровий горіх (натур подрібнений) банка (1 л),59,3K BAITS
381,Зернова насадка Прикорм 3-К Baits зерновий Мікс Універсал( лісова ягода) (500 г),59,3K BAITS
3818,Прикормка Fanatik Фідер Гейзер . (900 г),63,Fanatik
3819,Прикормка Fanatik Фідер Короп Тигровий горіх . (900 г),63,Fanatik
382,Зернова насадка Прикорм 3-К Baits зерновий Мікс Універсал( натур) (1000 г),59,3K BAITS
383,Зернова насадка Прикорм 3-К Baits зерновий Мікс Солодка Кукурудза( слива) (500 г),59,3K BAITS
3835,Ліквід BOOM Меляса Полуниця (500 мл),80,BOOM
3836,Зернова насадка BOOM Меляса Кукурудза (500 мл),80,BOOM
3837,Ліквід BOOM Меляса Слива (500 мл),80,BOOM
3838,Ліквід BOOM Меляса Часник (500 мл),80,BOOM
3839,Ліквід BOOM Меляса Оригінал (500 мл),80,BOOM
3840,Ліквід BOOM Меляса Горох (500 мл),80,BOOM
3846,Зернова насадка BOOM Горох Оригінал (150 мл),59,BOOM
3847,Зернова насадка BOOM Горох Полуниця (150 мл),59,BOOM
3848,Зернова насадка BOOM Горох Короп (150 мл),59,BOOM
3849,Зернова насадка BOOM Горох Кріп (150 мл),59,BOOM
3850,Зернова насадка BOOM Горох Ваніль (150 мл),59,BOOM
3851,Зернова насадка BOOM Горох Мед (150 мл),59,BOOM
3852,Зернова насадка BOOM Кукуруза Цукрова Короп (150 мл),59,BOOM
3853,Зернова насадка BOOM Кукуруза Цукрова Оригінал (150 мл),59,BOOM
3854,Зернова насадка BOOM Кукуруза Цукрова Мед (150 мл),59,BOOM
3855,Зернова насадка BOOM Кукуруза Цукрова Часник (150 мл),59,BOOM
3856,Зернова насадка BOOM Кукуруза Цукрова Ваніль (150 мл),59,BOOM
3857,Зернова насадка BOOM Силіконова кукуруза М Кукурудза,59,BOOM
3858,Зернова насадка BOOM Силіконова кукуруза М Ваніль,59,BOOM
3859,Зернова насадка BOOM Силіконова кукуруза М Кріль,59,BOOM
3860,Зернова насадка BOOM Силіконова кукуруза М Часник,59,BOOM
3861,Зернова насадка BOOM Силіконова кукуруза М Макуха,59,BOOM
3862,Зернова насадка BOOM Силіконова кукуруза М Горох,59,BOOM
3863,Зернова насадка BOOM Силіконова кукуруза М Мед,59,BOOM
3864,Зернова насадка BOOM Силіконова кукуруза М Короп,59,BOOM
3865,Зернова насадка BOOM Силіконова кукуруза М Полуниця,59,BOOM
3866,Зернова насадка BOOM Силіконова кукуруза М Конопля,59,BOOM
3867,Спінінг Запасне 1- коліно помаран. (0.68 м),18,
3870,Чохол/тубус Weida 1. під катушки мякий (0/2),32,Weida
3880,Ліквід BOUNTI Squid\ Bloomworm (250 мл),80,BOUNTY
3881,Ліквід BOUNTI Strawberry\Samon (250 мл),80,BOUNTY
3882,Ліквід CSL BOUNTY Belachan,80,BOUNTY
3883,Ліквід CSL BOUNTY BLACKBERRY,80,BOUNTY
3884,Ліквід CSL BOUNTY TIGER NUT,80,BOUNTY
3885,Ліквід CSL BOUNTY Natural,80,BOUNTY
3886,Ліквід CSL BOUNTY Plum,80,BOUNTY
3887,Ліквід CSL BOUNTY Acid Pear,80,BOUNTY
3888,Ліквід CSL BOUNTY Sweet Corn,80,BOUNTY
3930,Ліквід Stick Sauce BOUNTY STRAWBERRY SALMON,80,BOUNTY
3931,Ліквід Stick Sauce BOUNTY HALIBUT TIGER NUT,80,BOUNTY
3932,Ліквід Stick Sauce BOUNTY SQUID BLOODWORM,80,BOUNTY
3933,Ліквід Stick Sauce BOUNTY TIGER NUT,80,BOUNTY
3934,Ліквід Stick Sauce BOUNTY HALIBUT,80,BOUNTY
3935,Ліквід Stick Sauce BOUNTY CORN,80,BOUNTY
3936,Ліквід Stick Sauce BOUNTY STRAWBERRY,80,BOUNTY
3937,Ліквід Stick Sauce BOUNTY PINAPPLE BANANA,80,BOUNTY
3938,Ліквід Stick Sauce BOUNTY MONSTER CRAB,80,BOUNTY
3939,Ліквід Stick Sauce KRILL TIGER NUT,80,BOUNTY
3940,Ліквід Stick Sauce PLUM ACID PEAR,80,BOUNTY
3941,Ліквід Stick Sauce BELACHAN TIGER NUT,80,BOUNTY
3942,Ліквід Stick Sauce BELACHAN SWEET CORN,80,BOUNTY
3943,Ліквід Stick Sauce BELACHAN ACID PEAR,80,BOUNTY
3944,Ліквід Stick Sauce BELACHAN PLUM,80,BOUNTY
3945,Ліквід Stick Sauce BELACHAN STRAWBERRY,80,BOUNTY
3948,Ліквід Stick Sauce BOUNTY BELACHAN,80,BOUNTY
3960,Одяг/взуття для риболовлі Напальчник World Carp Finger Protector для силового закиду,120,
3971,Одяг/взуття для риболовлі Костюм Flagman дощовий зелений XXXL,120,Flagman
3993,Аксесуар для підставки Род Под Feima 5вуд. СР-930,87,FEIMA
3998,Аксесуар для підставки Род Под Marline 4 вуд.,87,Marline
4,Прикормка КРИЛЬ Прикорм Короп 1 кг,64,КРИЛЬ
4011,Ліквід Ароматизатор Арома Опариш\ Мотиль (300 мл),80,AnviFishing
4018,Прикормка Дабл Кекс Ваніль- Карамель Fanatik,62,Fanatik
402-500,Спінінг Вудочка MIFINE MAGICIAN 5005 (60-120 г),13,MIFINE
402-600,Спінінг Вудочка MIFINE MAGICIAN 6006 (60-120 г),13,MIFINE
4020,Прикормка Дабл Кекс Конопля-Кукурудза Fanatik,62,Fanatik
4021,Прикормка Дабл Кекс Слива - Шоколад Fanatik,62,Fanatik
4022,Прикормка Дабл Кекс Кальмар-Журавлина Fanatik,62,Fanatik
4028,Прикормка Дабл Кекс Кориця-Коліандр Fanatik,62,Fanatik
4029,Прикормка Дабл Кекс Мед-Полуниця Fanatik,62,Fanatik
403-500,Спінінг Вудочка MIFINE MAGICIAN 5005 (80-150 г),13,MIFINE
403-600,Спінінг Вудочка MIFINE MAGICIAN 6006 (80-150 г),13,MIFINE
4031,Мікс ПВА - стіки Клубніка (10стіків + Ліквіду) (50 мл),99,RPF
4032,Мікс ПВА - стіки Слива (10стіків + Ліквіду) (50 мл),99,RPF
4033,Пелетс Насадочний пелетс Мясо Рака RPF (8 мм),78,RPF
4034,Пелетс Насадочний пелетс Мега Спеції RPF (8 мм),78,RPF
4035,Пелетс Насадочний пелетс Слива RPF (8 мм),78,RPF
404-600,Спінінг Вудочка Marksman 600 Mifine (50-150 г),13,MIFINE
4044,Чохол/тубус Weida 1. під катушки мякий (5/2),32,Weida
4045,Чохол/тубус Weida 1. помар.встав. WD (2-19 г 5/3),32,Weida
4046,Чохол/тубус Weida 1. помар.встав. WD (2-19 г 35/3),32,Weida
4047,Чохол/тубус Weida 1. напівжорсткий золоті літери (0/3),32,Weida
4048,Зернова насадка BOOM Тигровий Горіх (900 г),59,BOOM
4049,Пелетс BOOM Спод Мікс короповий Полуниця 1кг,75,BOOM
405,"Інструмент для риболовлі Набір (шило,свердл,ножиці)WEIDA",100,WEIDA
4050,Пелетс BOOM Спод Мікс короповий Слива 1кг,75,BOOM
4051,Пелетс BOOM Спод Мікс короповий Кальмар Журавлина 1кг,75,BOOM
4052,Пелетс BOOM Спод Мікс короповий Тигровий Горіх 1кг,75,BOOM
4053,Зернова насадка BOOM Конопля смажена (80 г),59,BOOM
4054,Зернова насадка BOOM Зерно Варене (банка) BigFish (3 л),59,BOOM
4055,Зернова насадка BOOM Зерно Варене (банка) Кукурудза - Конопля (3 л),59,BOOM
4056,Бойли BOOM варенний 20мм Полуниця 1кг (20 мм),56,BOOM
4057,Бойли BOOM варенний 20мм Слива 1кг (20 мм),56,BOOM
4058,Бойли BOOM варенний 20мм Кріль 1кг (20 мм),56,BOOM
4059,Бойли BOOM варенний 20мм Спеції 1кг (20 мм),56,BOOM
4060,Бойли BOOM варенний 20мм Тигровий Горіх 1кг (20 мм),56,BOOM
4062,ПВА матеріал D (5 м 25 мм),99,D
4068,Ліквід Ароматизатор Арома Часник (300 мл),80,AnviFishing
4069,Ліквід Ароматизатор Арома Полуниця (300 мл),80,AnviFishing
4071-600,Спінінг Вудочка NEW HUNTER 6006 AFEIMA (5-25 г),16,FEIMA
4076,Ліквід Melasa Полуниця FEEDER SPORT,80,
4084,Спінінг Вудочка NEW HUNTER 6006 (10-30 г),16,NEW HUNTER
4095,Спінінг Вудочка NEW HUNTER 5000 (10-30 г),16,NEW HUNTER
4107,Поп-ап Бойли 3-К Baits Pop-Up 10мм (слива часник) (10 мм 20 г),57,3K BAITS
4108,Ліквід Melasa часник FEEDER SPORT,80,
411-80150 6,Спінінг Вудочка MIFINE MAGICIAN STX Slim 6006 (80-150 г),13,MIFINE
4131,Одяг/взуття для риболовлі Дощовик,120,
4132,Зернова насадка Прикорм 3-К Baits подрібнений зерновий Мікс Полуниця (500 г),59,3K BAITS
4133,Зернова насадка Прикорм 3-К Baits зерновий Мікс Пшоно l (мед) (500 г),59,3K BAITS
4134,Зернова насадка Прикорм 3-К Baits зерновий Мікс Пшоно l (полуниця) (500 г),59,3K BAITS
4135,Зернова насадка Прикорм 3-К Baits зерновий Мікс Універсал( мед) (500 г),59,3K BAITS
4146,Зернова насадка BOOM Кукуруза Цукрова Полуниця (150 мл),59,BOOM
4147,Зернова насадка BOOM Кукуруза Цукрова Слива (150 мл),59,BOOM
4148,Зернова насадка BOOM Кукуруза Цукрова Конопля (150 мл),59,BOOM
4149,Зернова насадка BOOM Горох Полуниця (350 мл),59,BOOM
4150,Зернова насадка BOOM Горох Ваніль (350 мл),59,BOOM
4151,Зернова насадка BOOM Горох Конопля (350 мл),59,BOOM
4152,Зернова насадка BOOM Горох Мед (350 мл),59,BOOM
4153,Зернова насадка BOOM Горох Короп (350 мл),59,BOOM
4155,ПВА матеріал ПВА Сітка Тепла Вода 32мм - 10 метрів (32 мм),99,
4156,ПВА матеріал ПВА Сітка Тепла Вода 32мм - 5 метрів (32 мм),99,
4158,Спінінг Kalipso Navigator Pro 2.10 (30-50 г),13,Kalipso
4165,"Ліквід Приворот Аніс Спрей Fanatik , (50 мл)",80,Приворот Аніс
4166,"Ліквід Приворот Слива Спрей Fanatik , (50 мл)",80,Приворот Слива
4167,"Ліквід Приворот Кріль Спрей Fanatik , (50 мл)",80,Приворот Кріль
4168,"Ліквід Приворот Конопля Спрей Fanatik , (50 мл)",80,Приворот Конопля
4178,Спінінг Квівертип фідерний,18,Квівертип
4189,Сумка рибальська Коробка Поводочниця,85,
4191,Ліквід AV Double Carlic Ami (Booster 250 мл),80,AnviFishing
4192,Ліквід Ароматизатор Арома Цукрова Кукурудза (300 мл),80,AnviFishing
4195,Паливо для туризму Аерозоль Gardex Extreme (125 мл),118,
4196,Паливо для туризму Спіраль Irex від комарів,118,
4197,Одяг/взуття для риболовлі Чоботи DreamStan рибацький напівкомбез зелений 43р,120,DreamStan
4198,Поп-ап Бойли 3-К Baits Pop-Up 10мм (мед) (10 мм 20 г),57,3K BAITS
4204,Поп-ап Бойли 3-К Baits Pop-Up 8мм (слива часник) (8 мм 20 г),57,3K BAITS
4211,Чохол/тубус Weida 1.5 короп,32,Weida
4215,ПВА матеріал D (5 м 37 мм),99,D
4216,"Ліквід Приворот Карась Спрей Fanatik , (50 мл)",80,Приворот Карась
4220,Мікс ПВА - стіки Краб Ананас (10стіків + Ліквіду) Sport (50 мл),99,RPF
4222,Пелетс Метод мікс Classic 2в1 Кальмар-Клюква RPF,76,RPF
4223,Пелетс Метод мікс Classic 2в1 Слива RPF,76,RPF
4225,Пелетс Метод мікс Classic 2в1 Кальмар-Тигровий Горіх RPF,76,RPF
4226,Пелетс Метод мікс Classic 2в1 Краб-Ананас RPF,76,RPF
4227,Поп-ап Баланс Кріль Груша10мм RPF Twinturbo (10 мм),57,RPF
4233,Зернова насадка BOOM Конопля суха (800 г),59,BOOM
4236,Зернова насадка Прикорм 3-К Baits зерновий Мікс Горох l (мед) (1000 г),59,3K BAITS
4246,Чохол/тубус Чехол-кофр Feima 2410 1.55 темні полоски,32,FEIMA
4247,Чохол/тубус Feima 2465 1.50 салатові полоски,32,Feima
4249,"Чохол/тубус BYOA BY 1,35 помаранч.вставки",32,BYOA
4250,Чохол/тубус BOYA BY 135 мякий,32,BOYA
4266,Зернова насадка Прикорм 3-К Baits Конопля Natural (з перцем) (800 г),59,3K BAITS
4267,Зернова насадка Насадка 3К Горох Premium (Конопля),59,3K BAITS
4268,Зернова насадка Кукурудза ANGEL SPORT Аніс з\б (25 мл),59,Angel Sport
4271,Бойли BOOM варенний 20мм Кальмар журавлина 1кг (20 мм),56,BOOM
4272,Пелетс BOOM короповий мікс монстер краб 1кг,75,BOOM
4273,Пелетс BOOM Спод Мікс короповий Спеції 1кг,75,BOOM
4274,Зернова насадка BOOM Кукуруза Цукрова Аніс (150 мл),59,BOOM
4275,Зернова насадка BOOM Кукуруза Цукрова Спеція (150 мл),59,BOOM
4276,Зернова насадка BOOM Горох Оригінал (350 мл),59,BOOM
4277,Зернова насадка BOOM Горох Кріп (350 мл),59,BOOM
43,Зернова насадка Кукурудза консерва.ELITE ROBIN мед (125 мл),59,ROBIN
4316,Спінінг Вудочка Magician 6006 MIFINE без кілець (60-120 г),16,MIFINE
4317,Спінінг Вудочка Magician 5005 MIFINE без кілець (60-120 г),16,MIFINE
4318,Спінінг Вудочка Magician 7007 MIFINE без кілець (60-120 г),16,MIFINE
4319,Спінінг Вудочка Marksman 5005 MIFINE без кілець (50-150 г),16,MIFINE
4320,Спінінг Вудочка Marksman 7007 MIFINE без кілець (50-150 г),16,MIFINE
4321,Спінінг Вудочка Marksman 6006 MIFINE без кілець (50-150 г),16,MIFINE
4328,Паливо для туризму Вугілля [4328],118,
4331,Зернова насадка BOOM Зерно Варене (банка) Горох- Кукурудза (3 л),59,BOOM
4332,Пелетс BOOM короповий мікс Полуниця 1кг,75,BOOM
4333,Пелетс BOOM короповий мікс Слива 1кг,75,BOOM
4334,Пелетс BOOM короповий мікс Спеції 1кг,75,BOOM
4335,Пелетс BOOM короповий мікс Кріль 1кг,75,BOOM
4336,Пелетс BOOM короповий мікс Тигровий горіх 1кг,75,BOOM
4343,Ліквід Антисептик Robin (35 мл),80,ROBIN
4346,Ліквід Melasa Біг Фіш FEEDER SPORT,80,
4347,Ліквід Melasa Кориця FEEDER SPORT,80,
4349,Пелетс Метод мікс Classic 2в1 Кукурудза + Тигровий горіх RPF,76,RPF
4356,Ліквід Приворот Лящ Спрей Fanatik,80,Приворот Лящ
4359,Пелетс Double Garlic Method Mix 3в1 (400 г),73,Double Garlic
4360,Пелетс Макуха Прикорм Pellets 1 кг ANVI FISHING (5 мм),73,Макуха
4361,Зернова насадка Прикорм 3-К Baits зерновий Мікс Кукурудза Горох (1000 г),59,3K BAITS
4367,Чохол/тубус Чехол для вудилищ Breeze 2 секції (1 м) [4367],32,Breeze
4368,Чохол/тубус Чехол для вудилищ Breeze 2 секції (1 м) [4368],32,Breeze
4369,Ліквід Олія 3- K Baits конопляне з перцем чилі (250 мл),80,
4375,Паливо для туризму Спрей від комарів VACO MAX (80 мл),118,
4376,Спінінг Перше коліно Zeox на спінінг карбон асорт,18,Перше
4379,Чохол/тубус Weida 1. напівжорсткий золоті літери WD-5 (35/3),32,Weida
439202-М,Одяг/взуття для риболовлі Костюм зимовий Eement Gray -20\ М (6000 мм rfin),120,Norfin
4395,Сумка рибальська Поводочниця HZ-05,85,
4396,Пелетс BOOM Спод Мікс короповий Кріль 1кг,75,BOOM
44,Зернова насадка Кукурудза консерва.ELITE ROBIN Тутті-Фрутті (125 мл),59,ROBIN
4400,Ліквід Melasa Оригінал FEEDER SPORT,80,
4403,Пелетс Карась 3мм Fanatik (3 мм 1000 г),74,Fanatik
4404,Пелетс Кукурудза Тигровий горіх 5мм Fanatik (5 мм 1000 г),74,Fanatik
4405,Пелетс Чорний Часник 3мм Fanatik (3 мм 1000 г),74,Fanatik
4409,Спінінг Тюльпан на кінчик,18,Тюльпан
4413,Одяг/взуття для риболовлі Чоботи Flagman напівкомб. забродний ПВХ нейлон роз.43,120,Flagman
4419,Одяг/взуття для риболовлі Чоботи Flagman напівкомб. забродний ПВХ нейлон роз.41,120,Flagman
4421,Спінінг Вершинка Solaris до карбонових спінінгів test (3-15 г 2.4 м),18,Вершинка
4427,Одяг/взуття для риболовлі Плащ дощовик Pixel зелений на кнопках XXXL,120,
4428,Одяг/взуття для риболовлі Плащ дощовик l зелений на кнопках XXXL,120,
4429,Бойли BOOM варенний 20мм Кальмар Восьминіг 1кг (20 мм),56,BOOM
4430,Пелетс BOOM короповий мікс Кальмар Восьминіг 1кг,75,BOOM
4431,Пелетс BOOM короповий мікс Кальмар Журавлина 1кг,75,BOOM
4432,Пелетс BOOM Спод Мікс короповий Монстер Краб 1кг,75,BOOM
4433,Пелетс BOOM Спод Мікс короповий Кальмар Восьминіг 1кг,75,BOOM
4434,Зернова насадка BOOM Кукуруза Цукрова Кріль (150 мл),59,BOOM
4435,Зернова насадка BOOM Горох Слива (350 мл),59,BOOM
4436,Зернова насадка BOOM Горох Кріль (350 мл),59,BOOM
4437,Зернова насадка BOOM Горох Часник (350 мл),59,BOOM
4446,Пелетс Парена Гранула Кальмар Чилі 1кг (вміст меленого тигрового горіху 45%) RPF,76,RPF
4447,Пелетс Парена Гранула Кальмар Клубніка 1кг (вміст меленого тигрового горіху 45%) RPF,76,RPF
4448,Пелетс Парена Гранула Кальмар Криветка 1кг (вміст меленого тигрового горіху 45%) RPF,76,RPF
4449,Пелетс Парена Гранула Кукурудза Тигровий Горіх 1кг (вміст меленого тигрового горіху 45%) RPF,76,RPF
4450,Пелетс Парена Гранула Аmur 1кг (вміст меленого тигрового горіху 85%) RPF,76,RPF
4451,Мікс ПВА - стіки Криветка Клубніка (10стіків + Ліквіду) (50 мл),99,RPF
4452,Мікс ПВА - стіки Кальмар Слива (10стіків + Ліквіду) (50 мл),99,RPF
4453,Пелетс Метод мікс Classic 2в1 Кальмар-Чилі RPF,76,RPF
4454,Пелетс Метод мікс Classic 2в1 Білочан Лосось RPF,76,RPF
4455,Пелетс Метод мікс Classic 2в1 Мотиль Опариш RPF,76,RPF
4456,Пелетс Метод мікс Classic 2в1 Монстер Краб RPF,76,RPF
4457,Пелетс Метод мікс Classic 2в1 Amur RPF,76,RPF
4458,"Мікс ПВА- Мікс Солодкий Бум 1кг (суміш для ПВА пакетів,стіків та флет годівниць) RPF",99,RPF
4459,"Мікс ПВА- Мікс Мясний Удар 1кг (суміш для ПВА пакетів,стіків та флет годівниць) RPF",99,RPF
4460,"Мікс ПВА- Мікс Риба Спеції 1кг (суміш для ПВА пакетів,стіків та флет годівниць) RPF",99,RPF
4461,"Мікс ПВА- Мікс Тигровий Горіх 1кг (суміш для ПВА пакетів,стіків та флет годівниць) RPF",99,RPF
4462,"Мікс ПВА- Мікс Protein 1кг (суміш для ПВА пакетів,стіків та флет годівниць) RPF",99,RPF
4463,"Мікс ПВА- Мікс Old School 1кг (суміш для ПВА пакетів,стіків та флет годівниць) RPF",99,RPF
4464,"Мікс ПВА- Мікс Amur 1кг (суміш для ПВА пакетів,стіків та флет годівниць) RPF",99,RPF
4477,Поп-ап Pop-Up Triple Strike Аніс 6-8мм (8 мм),57,RPF
4478,Поп-ап Pop-Up Triple Strike Кріль Часник 6-8мм (8 мм),57,RPF
4479,Поп-ап Pop-Up Triple Strike Червяк Опариш 6-8мм (8 мм),57,RPF
4480,Поп-ап Pop-Up Triple Strike Ваніль 6-8мм (8 мм),57,RPF
4481,Поп-ап Pop-Up Triple Strike Мед 6-8мм (8 мм),57,RPF
4482,Одяг/взуття для риболовлі Сапоги LEMIGO GRENLANDER(-30*C) 42р,120,Lemigo
4483,Одяг/взуття для риболовлі Сапоги піна з манжетом і чулком Krok [4483],120,
4484,Одяг/взуття для риболовлі Сапоги піна з манжетом і чулком Krok [4484],120,
4485,Одяг/взуття для риболовлі Сапоги піна з манжетом і чулком Krok [4485],120,
45,Зернова насадка Кукурудза консерва.ELITE ROBIN Полуниця (125 мл),59,ROBIN
4586,Одяг/взуття для риболовлі Чоботи DreamStan рибацький напівкомбез зелений 42р,120,DreamStan
4587,Одяг/взуття для риболовлі Чоботи DreamStan рибацький напівкомбез зелений 44р,120,DreamStan
4588,Одяг/взуття для риболовлі Чоботи DreamStan рибацький напівкомбез зелений 45р,120,DreamStan
4597,Одяг/взуття для риболовлі Жилет Sky Fish рятівний помаранчевий (140) (110-140 г),120,Sky Fish
4598,Одяг/взуття для риболовлі Жилет Sky Fish рятівний помаранчевий (80) (60-80 г),120,Sky Fish
4599,Одяг/взуття для риболовлі Жилет Sky Fish рятівний помаранчевий (40) (40-60 г),120,Sky Fish
46,Зернова насадка Кукурудза консерва.ELITE ROBIN Натурал (125 мл),59,ROBIN
4600,Одяг/взуття для риболовлі Жилет Sky Fish рятівний помаранчевий (110) (80-110 г),120,Sky Fish
4607,Чохол/тубус Чехол для блешень та мормишок Luky John 13* (0.1 м),32,Lucky John
4610,Ящик/коробка для снастей Кана Flagmanдля живця (12 л),108,Flagman
4611,Одяг/взуття для риболовлі Термоустілка,120,
4616,Спінінг Вудочка WEIDA ORION m.502 с\к (4 м),16,WEIDA
4617,Спінінг Вудочка WEIDA ORION m.502 с\к (5 м),16,WEIDA
4618,Спінінг Вудочка WEIDA ORION m.502 с\к (6 м),16,WEIDA
4621,Спінінг Вудочка Titan m.544 с/к (4 м),13,Titan
4622,Спінінг Вудочка Titan m.544 с/к (5 м),13,Titan
4623,Спінінг Вудочка Titan m.544 с/к (6 м),13,Titan
47,Зернова насадка Кукурудза консерва.ELITE ROBIN Ваніль (125 мл),59,ROBIN
4735,Спінінг Карпове вудлище Kyogi тест телескоп (150-300 г 2.1 м),13,Kyogi
4740,"Зернова насадка Прикормка 3-К Baits зерновий Мікс Micro Seed MIX Sport + Crushed Tiger nut (карамель), (400 г)",59,3K BAITS
4741,"Зернова насадка Прикормка 3-К Baits зерновий Мікс Micro Seed MIX Sport + Crushed Tiger nut (натуральний), (400 г)",59,3K BAITS
4742,"Зернова насадка Прикормка 3-К Baits зерновий Мікс Micro Seed MIX Sport + Crushed Tiger nut (шоколад-арахіс), (400 г)",59,3K BAITS
4743,"Зернова насадка Прикормка 3-К Baits зерновий Мікс Micro Seed MIX Sport + Crushed Tiger nut (кориця), (400 г)",59,3K BAITS
48,Зернова насадка Кукурудза консерва.ELITE ROBIN Ананас (125 мл),59,ROBIN
4824201403038,ПВА матеріал ПВА пакет70*140*10pc (10 шт),99,
4824201403039,ПВА матеріал ПВА пакет70*190*10pc (10 шт),99,
5,Прикормка МЕД- ПОЛУНИЦЯ Прикорм Короп 1 кг ANVI FISHING,64,МЕД- ПОЛУНИЦЯ
5109-1\0,Гачок ОфсетникOWNER 0 PC 5 5109 [5109-1\0],33,Owner
5109-2\0,Гачок ОфсетникOWNER 0 PC 5 5109 [5109-2\0],33,Owner
5109-3\0,Гачок ОфсетникOWNER 0 PC 5 5109 [5109-3\0],33,Owner
524,Спінінг Мотовило Стубла пласт. На удочку (Б) (шт.),18,Stubla
525,Спінінг Мотовило Стубла пласт. На донку,18,Stubla
570,Зернова насадка Перловка Tech мед (воздушная),59,Techno
58,Одяг/взуття для риболовлі Сапоги LEMIGO GRENLANDER(-30*C) 43р,120,Lemigo
587,Ліквід Melasa Спеції FEEDER SPORT,80,
588,Ліквід Melasa Кукурудза FEEDER SPORT,80,
589,Ліквід Melasa Конопля FEEDER SPORT [589],80,
59,Одяг/взуття для риболовлі Сапоги LEMIGO GRENLANDER(-30*C) 44р,120,Lemigo
590,Ліквід Melasa Карп FEEDER SPORT,80,
591,Ліквід Melasa Ваніль FEEDER SPORT,80,
592,Ліквід Melasa КарамельFEEDER SPORT,80,
594,Поп-ап Бойли 3-К Baits Pop-Up 10мм (горох) (10 мм 20 г),57,3K BAITS
599,Зернова насадка Горох Hi Mera скло насадочний асортимент,59,Hi Mera
6,Прикормка ТИГРОВИЙ ГОРІХ Прикорм Короп 1 кг,64,ТИГРОВИЙ ГОРІХ
60,Одяг/взуття для риболовлі Сапоги LEMIGO GRENLANDER(-30*C) 45р,120,Lemigo
600,Ліквід Melasa Часник 3-K Bails (500 мл),80,
601,Ліквід Melasa Кленовий сироп 3-K Bails (500 мл),80,
61,Одяг/взуття для риболовлі Сапоги LEMIGO GRENLANDER(-30*C) 46р,120,Lemigo
62,Одяг/взуття для риболовлі Сапоги LEMIGO GRENLANDER(-30*C) 47р,120,Lemigo
63,Одяг/взуття для риболовлі Сапоги LEMIGO GRENLANDER(-30*C) 48р,120,Lemigo
69,Зернова насадка Прикорм 3-К Baits Тигровий горіх (натур) банка 1ящ= (350 мл 18 шт),59,3K BAITS
7006006,Чохол/тубус Kalipso 1. під кат. чорний - жовтий (3/2),32,Kalipso
7006008,Чохол/тубус Kalipso 1. під кат. камуфляж (3/2),32,Kalipso
70060500,Чохол/тубус KALIPSO 118* напівжорсткий під катуш. (0.1 м),32,KALIPSO
70060510,Чохол/тубус KALIPSO 135* напівжорсткий під катуш. (0.1 м),32,KALIPSO
70060520,Чохол/тубус KALIPSO 150* напівжорсткий під катуш. (0.1 м),32,KALIPSO
703080-L,Одяг/взуття для риболовлі Рукавички Nord фліс мембрана (rfin),120,Norfin
7134203,Сумка рибальська CG для поводків 29*14,85,CG
7134813,Сумка рибальська CG для поводків 35*14,85,CG
76133,Паливо для туризму Газ в балонах (400 мл),118,
7705,Паливо для туризму Плитка Kovar K-202 газова,118,
77106001,Аксесуар для підставки Піставка Род-Под Energofish Carp Expert Neo Compact 4 вудилища,87,Carp Expert
8,Прикормка КОНОПЛЯ Прикорм Карась 1 кг ANVI FISHING,64,КОНОПЛЯ
80149,Ліквід Спрей Ай -Підсікай Асортимент (50 мл),80,
9,Прикормка ЧАСНИК - ЧЕБРЕЦЬ Прикорм Карась 1 кг ANVI FISHING,64,ЧАСНИК - ЧЕБРЕЦЬ
91020-204,Чохол/тубус Тубус пластиковий для поплавців Fagman D- 21\34см (0.06 м),32,Flagman
936,"Чохол/тубус BOYA BY 1,50",32,BOYA
966,Спінінг Набір Кілець на дві ножки премотні асортимент,18,
967,Спінінг Набір Тюльпан кол.чорний асортимент [967],18,
98,Зернова насадка Кукурудза ROBIN Sweet ж/б ANISE (200 мл),59,ROBIN
99,Поп-ап Бойли 3-К Baits Pop-Up 8мм (мандарин) (8 мм 20 г),57,3K BAITS
AK-OKX08SM,Одяг/взуття для риболовлі Окуляри JAXON поляризаціоні AK-OKX08SM,120,JAXON
AK-OKX17SM,Одяг/взуття для риболовлі Окуляри JAXON поляризаціоні AK-OKX17SM,120,JAXON
AK-OKX17XM,Одяг/взуття для риболовлі Окуляри JAXON поляризаціоні AK-OKX17XM,120,JAXON
AK-OKX44AM,Одяг/взуття для риболовлі Окуляри JAXON поляризаціоні AK-OKX44AM,120,JAXON
AKO-001,Ліквід Олія Interkril Krill Oli 100%,80,INTERKRIL
AKO-002,Ліквід Олія Interkril Krill Oli Аміно,80,INTERKRIL
AKO-003,Ліквід Олія Interkril Krill Oli Кальмар,80,INTERKRIL
AKO-004,Ліквід Олія Interkril Krill Oli Монстер Краб,80,INTERKRIL
AKO-005,Ліквід Олія Interkril Krill Oli Полуниця,80,INTERKRIL
AKO-006,Ліквід Олія Interkril Krill Oli Скопекс- Кальмар,80,INTERKRIL
AKO-007,Ліквід Олія Interkril Krill Oli Слива,80,INTERKRIL
AKO-008,Ліквід Олія Interkril Krill Oli Спеції,80,INTERKRIL
AKO-009,Ліквід Олія Interkril Krill Oli Тигровий Горіх,80,INTERKRIL
AMN122656,Чохол/тубус Чехол для льодоруба до 150мм ПрофМонтаж (150 мм),32,ProfMontazh
AMN122662,Чохол/тубус Чехол для зимових вудок з котушкою Ice Hunter ПрофМонтаж,32,ProfMontazh
ASBS-10,Інструмент для риболовлі Ножиці-плоскогубці Azura Safina Braid Scissors (0.1 м),100,Azura
CP-01,Одяг/взуття для риболовлі Сапоги DreamStan рибацькі заброди чорні (44-45 г),120,DreamStan
CP55125,Аксесуар для підставки Піставка CARP PRO Род-Под 3 вудилища 4 ноги,87,Carp Pro
CP57040B,Аксесуар для підставки Піставка CARP PRO Род-Под 3 вудилища,87,Carp Pro
CPHBDK6,Інструмент для риболовлі Набір свердло з корковими паличками Carp Pro,100,Carp Pro
DJ#1/0-2G,Джиг-головка Fishing 0 (2 г) [DJ#1/0-2G],49,
DJ#1/0-3G,Джиг-головка Fishing 0 (3 г) [DJ#1/0-3G],49,
DJ#1/0-4G,Джиг-головка Fishing 0 (4 г) [DJ#1/0-4G],49,
DJ#1/0-5G,Джиг-головка Fishing 0 (5 г) [DJ#1/0-5G],49,
DJ#2/0-2G,Джиг-головка Fishing 0 (2 г) [DJ#2/0-2G],49,
DJ#2/0-3G,Джиг-головка Fishing 0 (3 г) [DJ#2/0-3G],49,
DJ#2/0-4G,Джиг-головка Fishing 0 (4 г) [DJ#2/0-4G],49,
DJ#2/0-5G,Джиг-головка Fishing 0 (5 г) [DJ#2/0-5G],49,
DJ#3/0-3G,Джиг-головка Fishing 0 (3 г) [DJ#3/0-3G],49,
DJ#3/0-4G,Джиг-головка Джиг-головкак Класична 0 (4 г) [DJ#3/0-4G],49,
DJ#3/0-5.5G,Джиг-головка Джиг-головкак Класична 0 (5.5 г) [DJ#3/0-5.5G],49,
DJ#3/0-5G,Джиг-головка Fishing 0 (5 г) [DJ#3/0-5G],49,
DJ#4/0-5.5G,Джиг-головка Джиг-головкак Класична 0 (5.5 г) [DJ#4/0-5.5G],49,
DJ#4/0-5G,Джиг-головка Fishing 0 (5 г) [DJ#4/0-5G],49,
DJ#4/0-6.5G,Джиг-головка Джиг-головкак Класична 0 (6.5 г),49,
F0020052,Одяг/взуття для риболовлі Рукавичка з підсвіткою універ.з акамулятором Flagman,120,Flagman
F203GRC-2XL,Одяг/взуття для риболовлі Плащ Flagman зелений XXL,120,Flagman
F203GRC-3XL,Одяг/взуття для риболовлі Плащ Flagman зелений XXXL,120,Flagman
F203GRC-XL,Одяг/взуття для риболовлі Плащ Flagman зелений XL,120,Flagman
F204GRC,Одяг/взуття для риболовлі Пончо зелене Flagman,120,Flagman
FLSBL27,Одяг/взуття для риболовлі Шкарпетки Flagman термотреккінгові чорні (р27) (41-43 г),120,Flagman
FLSBL29,Одяг/взуття для риболовлі Шкарпетки Flagman термотреккінгові чорні (р29) (43-45 г),120,Flagman
FLSLBL27,Одяг/взуття для риболовлі Шкарпетки Flagman термотреккінгові чорні (р27) (43-45 г),120,Flagman
FO-3312 1\0,Гачок FANATIK FO-3312 XL Red (1/0),33,FANATIK
FO-3312 2\0,Гачок FANATIK FO-3312 XL Red (2/0),33,FANATIK
FO-3312 3\0,Гачок FANATIK FO-3312 XL Red (3/0),33,FANATIK
FO-3312 4\0,Гачок FANATIK FO-3312 XL (4/0),33,FANATIK
FO-3312 5\0,Гачок FANATIK FO-3312 XL Red (5/0),33,FANATIK
FO-3315 1\0,Гачок FANATIK FO-3315 (1/0),33,FANATIK
FO-3315 2\0,Гачок FANATIK FO-3315 (2/0),33,FANATIK
FO-3315 3\0,Гачок FANATIK FO-3315 (3/0),33,FANATIK
FO-3315 4\0,Гачок FANATIK FO-3315 (4/0),33,FANATIK
FO-3315 5\0,Гачок FANATIK FO-3315 (5/0),33,FANATIK
FTSNS4243bb,Одяг/взуття для риболовлі Шкарпетки Flagman треккшнгові Extra Heat Meri Higth BackBlue (42-43 г Wool),120,Flagman
FTSNS4445bb,Одяг/взуття для риболовлі Шкарпетки Flagman треккшнгові Extra Heat Meri Higth BackBlue (44-45 г Wool),120,Flagman
GJ808,Аксесуар для підставки Род Под Touglon Fishing GJ808,87,
GP-1291,Спінінг Чехол для спінінга Feima на резинці,15,Чехол
LQD-002,Ліквід Interkrill 100% Кріль -Полуниця (250 мл),80,INTERKRIL
LQD-003,Ліквід Interkrill 100% Кріль Аміно (250 мл),80,INTERKRIL
LQD-004,Ліквід Interkrill 100% Кріль -Спеції (250 мл),80,INTERKRIL
LQD-005,Ліквід Interkrill 100% Кріль (250 мл),80,INTERKRIL
LQD-006,Ліквід Interkrill 100% Кріль -Тигровій Горіх (250 мл),80,INTERKRIL
PRF2,Прикормка Fanatik Солодкий Карась,63,Fanatik
PRF3,Прикормка Fanatik Полуниця Короп,63,Fanatik
PRF4,Прикормка Fanatik Часник Карась,63,Fanatik
PRF5,Прикормка Fanatik Слива Короп,63,Fanatik
PRF7,Прикормка Fanatik Вceсезонка Універсал,63,Fanatik
PRF8,Прикормка Fanatik Бомба Донна,63,Fanatik
PRFB-KUK,Прикормка Fanatik Бондуелль Цукрова Кукурудза,63,Fanatik
PRFKONOP-MKH,Прикормка Fanatik Макуха Конопля,63,Fanatik
PRFKRYL-MKH,Прикормка Fanatik Макуха Криль,63,Fanatik
PROLTRIP BS,Одяг/взуття для риболовлі Рукавички Reis захисні фліс чорні- сірі,120,Reis
PUCOMBO001,Поп-ап Puhach Baits Combo Squid (10 мм),57,Puhach Baits
PUCOMBO002,Поп-ап Puhach Baits Combo Squid - Plum (10 мм),57,Puhach Baits
PUCOMBO003,Поп-ап Puhach Baits Combo Squid - Strawberry (10 мм),57,Puhach Baits
PUCOMBO004,Поп-ап Puhach Baits Combo Krill (10 мм),57,Puhach Baits
PUCOMBO005,Поп-ап Puhach Baits Combo Krill-Robin Red (10 мм),57,ROBIN
PUCOMBO006,Поп-ап Puhach Baits Combo Salmon Orange (10 мм),57,Puhach Baits
PUCOMBO009,Поп-ап Puhach Baits Combo Squid - Cranberry (10 мм),57,Puhach Baits
PUL70B,Ліквід Puhach Baits Liquid Belachan (70 мл),80,Puhach Baits
PUL70K,Ліквід Puhach Baits Liquid Krill (70 мл),80,Puhach Baits
PUL70P,Ліквід Puhach Baits Liquid Pineapple (70 мл),80,Puhach Baits
PUL70QS,Ліквід Puhach Baits Liquid Squid Scopex (70 мл),80,Puhach Baits
PUL70RR,Ліквід Puhach Baits Liquid Robin Red (70 мл),80,ROBIN
PUL70S,Ліквід Puhach Baits Liquid Squid (70 мл),80,Puhach Baits
PUL70SC,Ліквід Puhach Baits Liquid Squid Cranberry (70 мл),80,Puhach Baits
PUL70SS,Ліквід Puhach Baits Liquid Squid Strawberry (70 мл),80,Puhach Baits
PUL70SX,Ліквід Puhach Baits Liquid Sweetcorn (70 мл),80,Puhach Baits
PUL70T,Ліквід Puhach Baits Liquid Tuna (70 мл),80,Puhach Baits
PUPOPUP038,Поп-ап Puhach Baits Pop Ups Multicolor Pineapple (10 мм),57,Puhach Baits
PUPOPUP042,Поп-ап Puhach Baits Pop Ups Multicolor Citrus (10 мм),57,Puhach Baits
PUPOPUP043,Поп-ап Puhach Baits Pop Ups Multicolor Acid Pear (10 мм),57,Puhach Baits
SAC-123,Аксесуар для підставки Род Под Touglon Fishing SAC,87,
SAD-123,Аксесуар для підставки Род Под Touglon Fishing SAD,87,
SBFS 123,Аксесуар для підставки Підставка родпод Touglon Fishing SBFS 123,87,
SF24159-M,Котушка Чохол Катушка SAMS FISH M,22,Sams Fish
SF24159-S,Котушка Чохол Катушка SAMS FISH S,22,Sams Fish
SW12T\CHR,Блешня KASTMASTER SW-138 (28 г),125,KASTMASTER
SY036-6.3,Спінінг Мотовило Стубла пласт. На удочку (м) (шт.) (6.3 м),18,Stubla
UTRG-052,Паливо для туризму Різак Tramp газовий з пєзо.,118,
ZX10001,Аксесуар для підставки Піставка CARP PRO Род-Под 2 вудилища міні,87,Carp Pro
