Полиця/категорія,#,Артикул,Назва,Ціна,Залишок,"Виручка,грн"
Хробак Опариш,1,1905,Хробак,35,34,938981
Хробак Опариш,2,1906,Опариш,20,170,629482
Хробак Опариш,3,2593,Мотиль,35,7,172940
Хробак Опариш,4,3165,Денробена,52,55,82018
Хробак Опариш,5,1958,Горох Варений,15,16,28580
Хробак Опариш,6,3666,Живець,6,3,21146
Хробак Опариш,7,4017,Горох Риболовний сухий,33,21,18438
Катушки  / Карпові катушки,1,1302,Котушка HAIBAO FISHING J3-50FR (9+1 BB) з бейтранером,930,5,97220
Катушки  / Карпові катушки,2,1303,Котушка HAIBAO FISHING J3-60FR (9+1 BB) з бейтранером,940,4,59700
Катушки  / Карпові катушки,3,3041,Катушка  Weida DJ40A 3+1,670,2,55630
Катушки  / Карпові катушки,4,2895,Катушка  Weida DJ30A 3+1,650,4,48370
Катушки  / Карпові катушки,5,276,Катушка WEIDA BJ6000A,990,5,35150
Катушки  / Карпові катушки,6,K-3046,Катушка FEIMA MD 4000,725,7,30390
Катушки  / Карпові катушки,7,2893,Катушка  Weida DJ10A 3+1,600,4,29620
Катушки  / Карпові катушки,8,275,Катушка WEIDA BJ5000A,940,5,28630
Катушки  / Карпові катушки,9,3342,Катушка BOYA BY TB 6000,1015,3,27550
Катушки  / Карпові катушки,10,272,Катушка Cobra СВ 2b(240),225,3,27000
Катушки  / Карпові катушки,11,3042,Катушка  Weida DJ60A 3+1,700,6,26000
Катушки  / Карпові катушки,12,3139,Катушка  Weida DJ50A 3+1,690,5,25840
Катушки  / Карпові катушки,13,2116,Катушка MIFINE WHALE 4000F 60320-4,650,2,20560
Катушки  / Карпові катушки,14,2894,Катушка  Weida DJ20A 3+1,620,3,20240
Катушки  / Карпові катушки,15,2167,Катушка FEIMA MG 5000,780,1,19740
Катушки  / Карпові катушки,16,3538,Катушка FEIMA LM 7000,1300,1,14760
Катушки  / Карпові катушки,17,2776,Катушка FEIMA LK 500,420,2,14560
Катушки  / Карпові катушки,18,2080,Катушка FEIMA LE 3000,520,1,13880
Катушки  / Карпові катушки,19,279,Катушка WEIDA XC4000 бейтр,735,5,12830
Катушки  / Карпові катушки,20,3341,Катушка BOYA BY TB 5000,940,1,11220
Катушки  / Карпові катушки,21,2113,Котушка HAIBAO FISHING J3-20FR (9+1 BB) з бейтранером,560,2,10080
Катушки  / Карпові катушки,22,1858.45.34,Катушка Brain Classic Carp Baitrunner 5000 4+1 5.0\1,1220,1,9480
Катушки  / Карпові катушки,23,3092,"Катушка Weida HFS600 6+1ВВ 5,2:1",765,1,9180
Катушки  / Карпові катушки,24,1858.45.35,Катушка Brain Classic Carp Baitrunner 6000 4+1BB 5.0\1,1260,2,8820
Катушки  / Карпові катушки,25,2300,Катушка EOS MGR404b,300,2,8400
Катушки  / Карпові катушки,26,1344,Катушка Cobra СВ 1b(140),215,3,8160
Катушки  / Карпові катушки,27,3489,Котушка HAIBAO FISHING U3-40FR (9+1 BB) з бейтранером,650,2,7760
Катушки  / Карпові катушки,28,2459,Катушка BOYA BY SA11-40F,650,2,7500
Катушки  / Карпові катушки,29,1401,Катушка Cobra CB440M шпуля метал,340,1,7480
Прикормка / Пінотісто Макуха Планктон,1,1909,Шайба Макух,12,81,174958
Прикормка / Пінотісто Макуха Планктон,2,2015,"Технопанктон CORONA флуоро""Чудо планктон"" Топлене Молоко",50,120,86146
Прикормка / Пінотісто Макуха Планктон,3,605,"Тісто Cukk""puffi""midi 3-6мм 30гр Часник",80,76,84760
Прикормка / Пінотісто Макуха Планктон,4,604,"Тісто Cukk""puffi""midi 3-6мм 30гр Мед",80,53,48460
Прикормка / Пінотісто Макуха Планктон,5,3063,"Технопанктон CORONA флуоро""Чудо планктон""Очерет",50,155,43342
Прикормка / Пінотісто Макуха Планктон,6,606,"Тісто Cukk""puffi""midi 6-10мм 30гр Часник",80,100,38550
Прикормка / Пінотісто Макуха Планктон,7,603,"Тісто Cukk""puffi""midi 6-10мм 30гр Мед",80,114,27760
Прикормка / Пінотісто Макуха Планктон,8,PT-CHESNOK-M,"Пінотісто Fanatik Puffi міні Часник,50мл",40,27,22954
Прикормка / Пінотісто Макуха Планктон,9,2981,"Технопанктон CORONA флуоро""Чудо планктон"" Дафнія",50,17,20878
Прикормка / Пінотісто Макуха Планктон,10,PT-MED-M,"Пінотісто Fanatik Puffi міні Мед,50мл",40,25,16892
Прикормка / Пінотісто Макуха Планктон,11,608,"Тісто Cukk""puffi""midi 3-6мм 30гр Полуниця",80,9,11230
Прикормка / Пінотісто Макуха Планктон,12,607,"Тісто Cukk""puffi""midi 6-10мм 30гр Полуниця",80,16,9700
Прикормка / Пінотісто Макуха Планктон,13,PT-KLUBNIKA-M,"Пінотісто Fanatik Puffi міні Полуниця,50мл",40,30,9076
Прикормка / Пінотісто Макуха Планктон,14,1378,Мастирка ELIT асортимент готова,12,13,8532
Прикормка / Пінотісто Макуха Планктон,15,2013,"Технопанктон CORONA флуоро""Чудо планктон"" Мед",50,6,8034
Оснащення Монтаж / Готові монтажі,1,1497,Монтаж Арбуз відві 2 гач 20г,55,130,122100
Оснащення Монтаж / Готові монтажі,2,2209,Монтаж на толстолоба Silver carp донна,180,22,58635
Оснащення Монтаж / Готові монтажі,3,1483,Макушатнік Шар 30г,55,105,54650
Оснащення Монтаж / Готові монтажі,4,1502,Монтаж на вудку Риболов,45,15,53440
Оснащення Монтаж / Готові монтажі,5,3753,Монтаж  на вудочку з поплавком на 2 гачка,40,40,31940
Оснащення Монтаж / Готові монтажі,6,3991,Монтаж Арбуз 2г 20гр на 1 відвід пластик,50,11,22860
Оснащення Монтаж / Готові монтажі,7,1485,Монтаж №10  вбивця карася,45,46,18110
Оснащення Монтаж / Готові монтажі,8,2049,Пружина Арбуз  3г,35,25,16940
Оснащення Монтаж / Готові монтажі,9,2294,Вбивця Карася,35,89,16870
Оснащення Монтаж / Готові монтажі,10,2050,Монтаж №7\1 Вбивця Карася 3 пружини + 3 гач відвід,50,5,15750
Оснащення Монтаж / Готові монтажі,11,1488,Монтаж №7 Вбивця Карася 2 пружини + 2 гач  отводи,45,6,14960
Оснащення Монтаж / Готові монтажі,12,4254,Монтаж на толстолоба Silver carp Мерседес,225,8,14050
Оснащення Монтаж / Готові монтажі,13,2045,Монтаж Арбуз чорний відвід+3 гач,35,13,13230
Оснащення Монтаж / Готові монтажі,14,2172,ELIT вбивця карася,25,12,13150
Оснащення Монтаж / Готові монтажі,15,3213,Монтаж на толстолоба Silver carp +технопанктон,190,3,13040
Оснащення Монтаж / Готові монтажі,16,3099,Монтаж на Сома 1гач,260,13,12900
Оснащення Монтаж / Готові монтажі,17,397,"Монтаж №16 ""Арбуз"" Карась 30г 4кр",50,8,11640
Оснащення Монтаж / Готові монтажі,18,394,Готовий монтаж на толстолоб Харків,45,53,11334
Оснащення Монтаж / Готові монтажі,19,3100,Монтаж на Сома 2гач,280,19,10740
Оснащення Монтаж / Готові монтажі,20,4213,Монтаж на толстолоба Silver carp 1 гач.,180,19,10180
Оснащення Монтаж / Готові монтажі,21,10750,Макушатнік 40г ремінчик 10750,50,8,9560
Оснащення Монтаж / Готові монтажі,22,3265,Оснащення Мерседес ТМ Фанатік,212,4,9274
Оснащення Монтаж / Готові монтажі,23,2781,Монтаж карповий (засос 30гр 4гач),50,15,8600
Оснащення Монтаж / Готові монтажі,24,3040,Макушатник Гітара  Короп- Карась 60гр,106,13,8435
Оснащення Монтаж / Готові монтажі,25,3054,ELIT вбивця карася #2,30,86,8100
Оснащення Монтаж / Готові монтажі,26,4161,Монтаж на толстолоба Silver carp 2,190,11,8050
Оснащення Монтаж / Готові монтажі,27,2023004,Супер Карась 20г №4 гачок №8,55,17,7450
Оснащення Монтаж / Готові монтажі,28,2099,Макушатник Ластівки Хвіст  кліпса 50г 1г.,27,48,7332
Спінінги і вудки / Коропові вудочки,1,227,"Удилище WEIDA CARP Expert 3.75ib3,60м",1160,3,99320
Спінінги і вудки / Коропові вудочки,2,1858.41.86,"Вудилище Brain Apex карпове 3,60 3,5 Lbs 3-sec",1580,3,59160
Спінінги і вудки / Коропові вудочки,3,1858.41.87,"Вудилище Brain Apex карпове 3,90 3,5 Lbs 3-sec",1650,1,40860
Спінінги і вудки / Коропові вудочки,4,3051,Спінінг APACHE NAVIGATOR 3.6  120-180g new,740,3,30010
Спінінги і вудки / Коропові вудочки,5,3209,"Удилище WEIDA CARP Expert 3.75ib3,90м",1200,4,19880
Спінінги і вудки / Коропові вудочки,6,1102,Спінінг APACHE NAVIGATOR 3.0  80-120g new,645,3,17970
Спінінги і вудки / Коропові вудочки,7,2224,"Спінінг Carp Junior 100-300g 3,6м Feima",660,5,14480
Спінінги і вудки / Коропові вудочки,8,1858.41.88,"Вудилище Brain Apex карпове 3,90 4,0 Lbs 3-sec",1780,3,13920
Спінінги і вудки / Коропові вудочки,9,1858.44.53,"Вудилище Brain Classic Carp 3,60 3.5 Lbs 3-sec",1500,1,13240
Спінінги і вудки / Коропові вудочки,10,8203-390,Вудочка  FEIMA Obsidian Carp 3.9m 3.5lb,1300,1,13000
Спінінги і вудки / Коропові вудочки,11,1098,Спінінг APACHE NAVIGATOR 3.9 80-120G GLADIATOR,730,4,11660
Спінінги і вудки / Коропові вудочки,12,1252,Вудилище теле OKUMA 3608 120-180G,320,7,10910
Спінінги і вудки / Коропові вудочки,13,1858.44.54,"Вудилище Brain Classic Carp 3,90 3.5 Lbs 3-sec",1650,1,10090
Спінінги і вудки / Коропові вудочки,14,1128-300,Спінінг APACHE NAVIGATOR 3.0  80-120g ECLIPSE,760,3,9720
Спінінги і вудки / Коропові вудочки,15,1106,Спінінг APACHE NAVIGATOR 3.9 120-180g new,815,4,9470
Спінінги і вудки / Коропові вудочки,16,1128-210,Спінінг APACHE NAVIGATOR 2.1  30-50g new,515,2,9070
Спінінги і вудки / Коропові вудочки,17,SF24273,Спінінг телескоп Gladiator 2.4m 7-28гр,1060,1,8480
Спінінги і вудки / Коропові вудочки,18,1128-240,Спінінг APACHE NAVIGATOR 2.4  50-80g new,545,4,7690
Спінінги і вудки / Коропові вудочки,19,1128-360,Спінінг APACHE NAVIGATOR 3.6  120-180g ECLIPSE,870,1,6840
Допоміжні снасті / Сигналізатори і Свінгера,1,4639,Сигналізатор клювання механічний у підставку,80,83,84560
Допоміжні снасті / Сигналізатори і Свінгера,2,2092,Набір Сигналізаторів SF23799,4130,2,67420
Допоміжні снасті / Сигналізатори і Свінгера,3,3188,Сигналізатор Carp Line TS TLI-07,260,9,61460
Допоміжні снасті / Сигналізатори і Свінгера,4,937,Дзвіночок,4,441,24122
Допоміжні снасті / Сигналізатори і Свінгера,5,2173,Свінгер з підключенням на штазі з вантажем,130,20,23830
Допоміжні снасті / Сигналізатори і Свінгера,6,2093,Набір Сигналізаторів SF23657,3260,1,22600
Допоміжні снасті / Сигналізатори і Свінгера,7,2086,Світлячок OKEAN SUN d4.5*37 5шт,12,137,21368
Допоміжні снасті / Сигналізатори і Свінгера,8,1316,Сигналізатор під світлячок,13,1,18168
Допоміжні снасті / Сигналізатори і Свінгера,9,3164,Сигналізатор Shark,250,3,17000
Допоміжні снасті / Сигналізатори і Свінгера,10,016900,"Світлячок 4,5*38мм SMS",6,146,16924
Допоміжні снасті / Сигналізатори і Свінгера,11,410,Свінгер штанга з підключенням,95,1,14050
Допоміжні снасті / Сигналізатори і Свінгера,12,3331,Набір Сигналізаторів JY-39,3110,1,9330
Допоміжні снасті / Сигналізатори і Свінгера,13,2777,Набір Свінгерів Megastrike ланцюг,790,5,8250
Допоміжні снасті / Сигналізатори і Свінгера,14,1914,Свінгер FEIMA на ланцюгу  SW2600,95,4,7060
Волосінь Шнури Повіці / Ліска,1,87,Волосінь Carp Expert Muiticolor 0.35mm 150m,125,24,23620
Волосінь Шнури Повіці / Ліска,2,86,Волосінь Carp Expert Muiticolor 0.30mm 150m,110,48,22980
Волосінь Шнури Повіці / Ліска,3,2911,Волосінь CARP EXPERT UV FLUO YELLOW 0.28mm 1000m,420,1,15670
Волосінь Шнури Повіці / Ліска,4,2983,Волосінь CARP EXPERT UV FLUO ORANG 0.35mm 300м,220,9,13800
Волосінь Шнури Повіці / Ліска,5,89,Волосінь CARP EXPERT BOILIE SPECIAL 0.30mm 1000m,445,2,12660
Волосінь Шнури Повіці / Ліска,6,3024-30,Волосінь Magigian 3D Afeima  150m 0.30mm,90,7,12200
Волосінь Шнури Повіці / Ліска,7,95,Волосінь CARP EXPERT UV FLUO YELLOW 0.30mm 1000m,445,4,11640
Волосінь Шнури Повіці / Ліска,8,1652,Волосінь Carp Expert Muiticolor 0.25mm 150m,97,11,11145
Волосінь Шнури Повіці / Ліска,9,2910,Волосінь CARP EXPERT UV FLUO ORANG  0.28мм 1000м,420,2,10950
Волосінь Шнури Повіці / Ліска,10,30114830,Волосінь CARP EXPERT UV FLUO ORANG  0.30мм 1000м,450,7,10700
Волосінь Шнури Повіці / Ліска,11,ZJ-INP022А,"Волосінь JAXON INTENSA PREMIUM 0,22mm 150m",160,2,10030
Волосінь Шнури Повіці / Ліска,12,30114832,Волосінь CARP EXPERT UV FLUO ORANG  0.32мм 1000м,470,4,9430
Волосінь Шнури Повіці / Ліска,13,ZJ-INP012C,"Волосінь JAXON INTENSA PREMIUM 0,12mm 25m",67,10,9194
Волосінь Шнури Повіці / Ліска,14,ZJ-INP020C,"Волосінь JAXON INTENSA PREMIUM 0,20mm 25m",67,10,8832
Волосінь Шнури Повіці / Ліска,15,ZJ-INP016C,"Волосінь JAXON INTENSA PREMIUM 0,16mm 25m",67,16,8087
Волосінь Шнури Повіці / Ліска,16,90,Волосінь CARP EXPERT BOILIE SPECIAL 0.32mm 1000m,480,1,7900
Волосінь Шнури Повіці / Ліска,17,2982,Волосінь CARP EXPERT UV FLUO ORANG 0.30mm 300м,205,13,7815
Волосінь Шнури Повіці / Ліска,18,ZJ-INP027А,"Волосінь JAXON INTENSA PREMIUM 0,27mm 150m",170,9,7810
Волосінь Шнури Повіці / Ліска,19,30125030,Волосінь CARP EXPERT BOILIE SPECIAL 0.30mm 300m,220,6,7510
Волосінь Шнури Повіці / Ліска,20,91,Волосінь CARP EXPERT BOILIE SPECIAL 0.35mm 1000m,515,1,7470
Волосінь Шнури Повіці / Ліска,21,30114835,Волосінь CARP EXPERT UV FLUO ORANG  0.35мм 1000м,485,4,7280
Волосінь Шнури Повіці / Ліска,22,ZJ-INP014C,"Волосінь JAXON INTENSA PREMIUM 0,14mm 25m",67,6,7232
Волосінь Шнури Повіці / Ліска,23,96,Волосінь CARP EXPERT UV FLUO YELLOW 0.32mm 1000m,465,2,6990
Волосінь Шнури Повіці / Ліска,24,ZJ-INP025А,"Волосінь JAXON INTENSA PREMIUM 0,25mm 150m",170,4,6970
Допоміжні снасті / Підставки Рогачі Род-Поди,1,267,Підставка під вудочку  алюм,48,11,48702
Допоміжні снасті / Підставки Рогачі Род-Поди,2,1991,"Підставка під вудочку 0,85м помаранчеві",36,14,45424
Допоміжні снасті / Підставки Рогачі Род-Поди,3,2107,"Підставка під вудочку бур 1,2 нержавійка",110,10,45110
Допоміжні снасті / Підставки Рогачі Род-Поди,4,2106,"Підставка під вудочку 0,100м алюм телескоп",50,44,23160
Допоміжні снасті / Підставки Рогачі Род-Поди,5,2088,Підставка під вудочку  Іван.Франківськ,60,22,18292
Допоміжні снасті / Підставки Рогачі Род-Поди,6,3155,Набір рогачів для підставки комлект 4шт,145,8,10220
Допоміжні снасті / Підставки Рогачі Род-Поди,7,1143,Підставка телескоп під сигналізатор,70,2,9080
Допоміжні снасті / Стільці,1,2110123,"Крісло ""Режисер з полицею "" d25mm",2340,3,36130
Допоміжні снасті / Стільці,2,2010043,"Стілець"" Рибак Економ "" d25 мм",615,1,30500
Допоміжні снасті / Стільці,3,3189,"Крісло ECLIPSE EC-20G складне,з підстакан.",720,1,28740
Допоміжні снасті / Стільці,4,3739,"Крісло Eclipse Comfort XL 1010 складне короп.підлок регулювання нахилу,4 ноги регул.",3650,1,26500
Допоміжні снасті / Стільці,5,2010067,"Крісло ""Режисер з мякою полицею "" d25mm",1960,1,17360
Допоміжні снасті / Стільці,6,2010001,"Стілець"" Рибак  Економ"" d16 мм",360,4,16540
Допоміжні снасті / Стільці,7,2110043,"Стілець"" Рибак  Економ зі спинкою"" d16 мм",485,3,13990
Допоміжні снасті / Стільці,8,3997,"Стіл ""Пікні"" 4 стілці посилений розкладний",2050,1,11900
Допоміжні снасті / Стільці,9,938,Стілець Харків без спинки 16mm,400,1,7860
Оснащення Монтаж / Orange,1,2302,Монтаж Orange№26 №MF 2671(гелікоптер  під бойл 71гр.1га),78,46,16238
Оснащення Монтаж / Orange,2,2434,Монтаж Orange №5MF 550(пружина лідкор 50гр.2гач№5),68,49,15566
Оснащення Монтаж / Orange,3,MF 4150,Монтаж Orange№41 №MF 4150(метод Флет під бойл 50гр.1гач№41),70,29,14236
Оснащення Монтаж / Orange,4,MF 440,Монтаж Orange№4 №MF 440(пружина пі бойл 40гр.2гач№4),70,24,13406
Оснащення Монтаж / Orange,5,2433,Монтаж Orange №5MF 540(пружина лідкор 40гр.2гач№5),68,28,12514
Оснащення Монтаж / Orange,6,MF 36,Монтаж Orange№36 №MF 36( Толстолоб на лідкоре.2гач№36),100,3,12440
Оснащення Монтаж / Orange,7,MF 460,Монтаж Orange№4 №MF 460(пружина пі бойл 60гр.2гач№4),73,22,12260
Оснащення Монтаж / Orange,8,MF 4140,Монтаж Orange№41 №MF 4140(метод Флет під бойл 40гр.1гач№41),68,14,12120
Оснащення Монтаж / Orange,9,1315,Монтаж Orange№39 №MF 3985(Усиленная кліпса під бойл 85гр.1гач№39),80,8,10744
Оснащення Монтаж / Orange,10,MF 450,Монтаж Orange№4 №MF 450(пружина пі бойл 50гр.2гач№4),73,7,10648
Оснащення Монтаж / Orange,11,MF 3971,Монтаж Orange№39 №MF 3971(Усиленная кліпса під бойл 71гр.1гач№39),78,31,9104
Оснащення Монтаж / Orange,12,2820,Монтаж Orange№26 №MF 2685(гелікоптер  під бойл 71гр.1га),80,16,7840
Оснащення Монтаж / Orange,13,MF 4750,Монтаж Orange№47 №MF 4750(пружина під бойл 50гр.1гач№47),63,9,6948
Оснащення Монтаж / Orange,14,MF 4250,Монтаж Orange№42 №MF 4250(метод Флет під бойл 40гр.2гач№42),83,9,6862
Херабуна / Тісто,1,00.10,Глютен Herabunafishing,70,56,38520
Херабуна / Тісто,2,06.73,Тісто Хробак Herabunafishing,70,31,23720
Херабуна / Тісто,3,00.01,Тісто Часник Herabunafishing,60,46,21200
Херабуна / Тісто,4,04.89,Тісто Koi food (Їда коропа) Herabunafishing,70,19,8200
Херабуна / Тісто,5,3873,Тісто Полуниця Herabunafishing,60,11,7260
Fanatik / Прикормка,1,PRF-CHASNYKM,Прикормка Fanatik Макуха Часник,58,34,31560
Fanatik / Прикормка,2,1209,Прикормка Fanatik AMNESIA Часник-Горох Короп Карась,185,4,24940
Fanatik / Прикормка,3,1208,Прикормка Fanatik AMNESIA Тигровий Горіх- Арахіс Короп Амур,185,7,19750
Fanatik / Прикормка,4,PRFKARAS-MRH,Прикормка Fanatik Макуха Карась,58,23,11294
Спінінги і вудки / Фіерні вудочки,1,4625,Фідер Weida Focus (m1515) 60-180 3.60m,1310,1,18160
Спінінги і вудки / Фіерні вудочки,2,308,"Фідер KAIDA IMPULSE-II(м636)60-160 3,0",715,2,15760
Спінінги і вудки / Фіерні вудочки,3,2096-360,Фідер IDOL AFEIMA 40-120G ART2096-360,1400,3,14000
Спінінги і вудки / Фіерні вудочки,4,307,"Фідер KAIDA IMPULSE-II(м636)60-160 2,7",645,4,13150
Спінінги і вудки / Фіерні вудочки,5,2093-360,Фідер PREMACYX AFEIMA 200G ART2093-360,1500,2,9000
Спінінги і вудки / Фіерні вудочки,6,4624,Фідер Weida Focus (m1515) 60-180 3.30m,1260,1,7560
Спінінги і вудки / Фіерні вудочки,7,1200,Фідер KLD SUPER 360 50-150G,720,1,7200
Допоміжні снасті / Садки ,1,2785,"Садок з ручками на застібці прогум. сітка  1,500см",500,4,29000
Допоміжні снасті / Садки ,2,3022734,Садок Carp Line Black 3.0m ж. кіл. прогум.ж.с різьба регулювання під кілок,1070,1,17280
Допоміжні снасті / Садки ,3,3022735,Садок Carp Line Black 3.5m ж. кіл. прогум.ж.с різьба регулювання під кілок,1180,2,12420
Допоміжні снасті / Садки ,4,3022736,"Садок Carp Line Black 2,5m ж. кіл. прогум.ж.с різьба регулювання під кілок",1010,2,11240
Допоміжні снасті / Садки ,5,3349,"Садок відро прогум.сітка 0,75мм круглий 45см",285,6,10920
Зима / Зимові вудки,1,2688,Жерлиця Профмонтаж  оснащена,75,86,36320
Зима / Зимові вудки,2,3519,"Жерлиця Щука,котушка з стопором ,оснащена (зелена)",75,63,18570
Зима / Зимові вудки,3,2684,"Вудочка ПВХ ""Харків""",24,1,10224
Зима / Зимові вудки,4,3701,"Набір Жерлиць (сумка ,10жер)оснащені",780,1,7620
Зима / Зимові вудки,5,56,Жерлиця Профмонтаж не оснащена,60,96,7100
Прикормка / Прикормка,1,0199,"Прикорм ""БОМБА"" 1кг",42,130,61156
Прикормка / Прикормка,2,2255,Прикормка Тигровий горіх Robin 1 кг,240,1,16440
Спінінги і вудки / Вудилища махові,1,2788,"Вудочка Джокер Marline Prinsses 5,4м",260,9,24600
Спінінги і вудки / Вудилища махові,2,4710,"Вудочка  ""Осінній лист"" 5,4м",960,4,16480
Спінінги і вудки / Вудилища махові,3,2100,Вудка Джокер Tiger  3.60,140,3,11780
Спінінги і вудки / Вудилища махові,4,4711,"Вудочка  ""Осінній бамбук"" 6,3м",980,1,9800
Спінінги і вудки / Вудилища махові,5,1038,Вудочка Джокер SHARK 540 10-30G,250,3,9500
Катушки  / Спінінгові,1,1693.71.04,Катушка Select Master 2500s 4+1bb 5.5:1,755,1,20760
Катушки  / Спінінгові,2,1693.71.00,Катушка Select Master 1500S 4+1bb 5.5:1,680,1,20580
Катушки  / Спінінгові,3,2114,Котушка HAIBAO FISHING J3-40FR (9+1 BB) з бейтранером,900,1,16380
Катушки  / Спінінгові,4,1850,Катушка  Ryobi Amazon 2000Vi,1700,2,12600
Волосінь Шнури Повіці / Шнур,1,4282,Шнур Sapfir X4 Drew 150m,120,44,16200
Волосінь Шнури Повіці / Шнур,2,2090,Шнур MAX POWER 4X BOYA BY 150м асортимент,125,17,15750
Волосінь Шнури Повіці / Шнур,3,1416,Шнур MASTER PE*4 150M SELECT BOYA BY,100,13,12900
Волосінь Шнури Повіці / Шнур,4,2336,Шнур на метр,4,545,11640
Волосінь Шнури Повіці / Шнур,5,2208,Шнур X8  AFEIMA асортимент,210,37,9660
Спінінгова ловля  / Тел-спіннер,1,GL17-30,Грушка латунь,50,105,31726
Спінінгова ловля  / Тел-спіннер,2,GK 16-30,Грушка кольорова флуоресентна,50,74,18780
Спінінгова ловля  / Тел-спіннер,3,3661,Лижа флуоресцентна асорт 10-30гр,75,47,14700
Туризм і відпочинок / Сушарки для риб і Раколовки,1,258,Пастка садок 8-ть,220,16,24380
Туризм і відпочинок / Сушарки для риб і Раколовки,2,1285,Сушка для риб 45*45 3 полиці,285,9,17950
Туризм і відпочинок / Сушарки для риб і Раколовки,3,2786,Пастка садок 6-ть,190,32,10060
Туризм і відпочинок / Сушарки для риб і Раколовки,4,256,Пастка садок 12-ть,240,1,9600
Зима / Льодобур,1,2698,Льодоруб Житомирский,1650,1,50740
Зима / Льодобур,2,4595,"Пешня трьохгранна сталь 45 з держаком 1,30м",1750,2,10500
INTERKRIL / Прикормка,1,67,Прикорм Крилевая мука 100г Antarctic Kril Meal 1ящ=70шт,78,10,29044
INTERKRIL / Прикормка,2,66,Прикорм Крилевая мука 500г Antarctic Kril Meal,285,7,22430
INTERKRIL / Прикормка,3,3804,Прикормка  INTERKRIL Преміум Карась  Часник-Чебрець,105,13,6835
Допоміжні снасті / Підсаки,1,HH-270170-GJ,"Підсак Breeze HH-270170-GJ 70см трикут. прогум. сітка ,телескоп. посил.замок",910,2,15860
Допоміжні снасті / Підсаки,2,HY-D-370170-GJ,"Підсак Breeze 70см прогум. сітка круп ,телескоп 1,7м пятикут.",950,1,13790
Допоміжні снасті / Підсаки,3,1345,Підсак ALUMINA 50 BOYA BY,250,2,10750
Допоміжні снасті / Підсаки,4,CS-360210-JW,"Підсак Breeze CS-360210-JW 60см трикут. прогум.чорна сітка ,телескоп.  ручrа",550,1,9580
Допоміжні снасті / Підсаки,5,2027,"Підсак Суми алюм корд. комп квадрат 57-74 корд телескоп 1,90",850,1,7300
Спінінгова ловля  / Воблер,1,2105,Воблер Вуж (м),115,13,11730
Спінінгова ловля  / Воблер,2,968,Воблер BOYA BY асортимент розпродаж,60,27,10720
Спінінгова ловля  / Воблер,3,3491,Воблер  Sabaroff River 55mm 8g,125,28,9250
Спінінгова ловля  / Воблер,4,5050042,Воблер Strike Pro Chubby Crank jl-038l,325,2,8740
Спінінгова ловля  / Воблер,5,4270,Тел-спінер ручної роботи,155,14,8100
Спінінгова ловля  / Воблер,6,5050054,Воблер Strike Pro Chubby Crank jl-038l,325,6,8020
Оснащення Монтаж / Поплавки,1,2112,Поплавець EXPERT асортимент,30,115,19790
Оснащення Монтаж / Поплавки,2,3053,Поплавок #18,18,38,14832
Оснащення Монтаж / Поплавки,3,1648,Кружок  Стубла,30,49,10860
Оснащення Монтаж / Поплавки,4,2991,Поплавок Kenyu на батар.,150,2,8400
Херабуна / Підсаки,1,000149,Стул Херабуна Perfect Koi  (Herabunafishing),4500,2,27000
Херабуна / Підсаки,2,000038,Підставка для вудилищ Siechi LUX 2.4м (Herabunafishing),450,13,18000
Херабуна / Підсаки,3,000341,Стаканчики мірні набор 4 шт,140,4,8260
Зима / Балансир,1,3670,Балансир Accurat#2,85,28,13430
Зима / Балансир,2,3738,Балансир Accurat Hybirid SG 18mm 4g,102,16,10404
Зима / Балансир,3,2737,Балансир №2 карапаль classic 4гр,60,93,10168
Зима / Балансир,4,4571,"Балансир Крапаль мікрон 2,8г",57,24,9120
Зима / Балансир,5,882,"Балансир №3  ""Крапаль""",45,192,8280
"Туризм і відпочинок / Намети ,тени ,парасольки",1,SF23817,Парасолька Sams Fish,1590,1,22420
"Туризм і відпочинок / Намети ,тени ,парасольки",2,1996,Намет,3400,1,17400
"Туризм і відпочинок / Намети ,тени ,парасольки",3,4251,Парасолька Sams Fish намет,2940,2,11540
Волосінь Шнури Повіці / Повідці,1,3302,Поводок PREDATOR WOLFRAM LEADERS 25см,12,605,9480
Волосінь Шнури Повіці / Повідці,2,427,Повідець Carp Fishing Fast Sinking Braid 25lb №6 (шт.),25,46,9444
Волосінь Шнури Повіці / Повідці,3,940,Повідець Carp Fishing Fast Sinking Braid 25lb №8 (шт.),25,41,8438
Волосінь Шнури Повіці / Повідці,4,42060378,Повідець Kalipso флюрокарбон 25см 0.50мм 12кг,15,54,8158
Волосінь Шнури Повіці / Повідці,5,3437,Повідець флюрокарбон Golden Fish 0.55m 30см,12,65,7560
Волосінь Шнури Повіці / Повідці,6,3435,Повідець флюрокарбон Golden Fish 0.55m 20см,10,39,6820
Херабуна / Оснащення,1,000863,"Комплект відгружених оснасток Perfect Koi з поплавками Tz-08 розмір 6,3м",550,2,16500
Херабуна / Оснащення,2,05.65,Оснастка фірмова Premium 5.4 #2.5,100,9,13000
Херабуна / Оснащення,3,000566,"Оснастка фірмова Premium 6,3 #3,0",100,10,10600
Херабуна / Оснащення,4,000736,Конектор для поплавка 45°,15,9,7830
Спінінги і вудки / Спінінг,1,1180,Спінінг LEGEND CARP 360 з 3 частин,950,1,16900
Спінінги і вудки / Спінінг,2,1693.06.07,Спінінг  Favorit U1  702ML 2.13 4-16g  Fast,1275,1,9095
Спінінги і вудки / Спінінг,3,2755,Спінінг MicroStar 2.18 1-10g carbon IM12 AiFaima,1350,2,7780
AnviFishing / Макуха,1,3043,Макуха ПрофМонтаж 8 куб. асорт,50,49,30668
Туризм і відпочинок / Ліхтарі,1,1536,Ліхтарик налобний Strong Light сенсорний USB зарядка,540,6,30320
 FSHING MIX,1,319,Горох FSHING MIX Конопля 400г пет,35,13,10940
 FSHING MIX,2,318,Конопля Натуральна вар.  FSHING MIX 200гр,40,11,9610
 FSHING MIX,3,126,Кукурудза FSHING MIX Конопля 400г пет,30,7,7670
Оснащення Монтаж / Все для монтажу оснащення,1,1007,Стопор без упаковки під бойл,15,32,9810
Оснащення Монтаж / Все для монтажу оснащення,2,943,"Гума кругла синя 2,5 20м",70,29,9092
Оснащення Монтаж / Все для монтажу оснащення,3,634,Стопорки ESP  YELLOW HAIRSTOPS під бойл,15,32,7080
Спінінгова ловля  / Mepps,1,2712,"Блешня MEPPS  BLACK FURY 3 чорна пелюстка салат.кап 6,5г",148,5,11380
Спінінгова ловля  / Mepps,2,1078,Блешня MEPPS  BLACK FURY 3 чорна пелюстка оранж.капл,148,2,7396
Спінінгова ловля  / Mepps,3,1077,Блешня MEPPS Aglia Long Silver 2 7г,127,7,7172
Оснащення Монтаж / Гачки,1,77,Крючок Hayabusa H.SDE 198 BN №7(10 шт),60,8,11042
Оснащення Монтаж / Гачки,2,76,Крючок Hayabusa H.SDE 198 BN №6(10 шт),60,12,7222
Оснащення Монтаж / Гачки,3,5547442,Крючок GC Skilful №7 ст11,54,8,7152
Оснащення Монтаж / Вертлюги Застібки,1,4509348,Карабін GC американка с вертлюжком 1050BN №4 (10шт),52,2,8176
Оснащення Монтаж / Вертлюги Застібки,2,4509352,Карабін GC американка с вертлюжком 1050BN №8,52,3,7498
Оснащення Монтаж / Вертлюги Застібки,3,4509351,Карабін GC американка с вертлюжком 1050BN №7,52,3,7465
Аксесуари  / Батарейки,1,4176,Крона Videx 9v,33,171,12474
Аксесуари  / Батарейки,2,3992,Крона Rablex 9v,75,18,9260
RealFish  / Прикормка,1,2135,Прикормка  RealFish Лящ Шоколад1 кг,110,48,19350
Спінінгова ловля  / Блесна,1,BSA 14G,Блешня SPINNEX ATOM 14G асортимент,63,13,10904
Спінінгова ловля  / Блесна,2,BSB 15G,Блешня SPINNEX BAS 15G асортимент,63,43,8424
Херабуна / Гачки,1,000644,Гачки самопідсікаючи Heranunafishing на поводці 10 шт. Розмір: 7,160,17,11680
Херабуна / Гачки,2,06.45,Гачки самопідсікаючи Heranunafishing на поводці 10 шт. Розмір: 8,160,18,7400
AnviFishing / Прикормка,1,3038,"Прикорм Карась "" Халва"" 1 кг ANVI FISHING",70,3,9318
AnviFishing / Прикормка,2,3260,Прикормка Silver Короп  Тигровий Горіх \ Кукурудза 1 кг ANVI FISHING,90,9,9310
Допоміжні снасті / Сумки,1,122700,Сумка Combo для коропової та фідерної ловлі на 2 відсіки  ПрофМонтаж,2760,1,16560
Прикормка / Бойли,1,2202,Бойл Carp Catcher 10mm асорт,195,6,7800
Прикормка / Бойли,2,1224,POP-UP TRINITY BAITS 8mm 10mm 12mm 16mm асортимент,50,6,7780
Зима / Мармишка,1,2615,Мормишка #25,25,1004,14800
Прикормка / Пеллетси,1,2205,Пелетс Art Fishing методний 3мм  500гр,40,38,13616
Катушки  / Фідерні катушки,1,MF3000,Катушка Flagman Magnum Feeder 3000 (шт.),450,3,12480
Оснащення Монтаж / Головки,1,949,Джиг-головка MUSTAD   асортимент,8,263,11726
Аксесуари ,1,1359,Прес-форма пластикова з кнопкою під флет in-Line,32,26,10920
Зима / Сумки та чохли,1,2683,"Мотильниця ""Супер Снасть""",15,29,10518
Аксесуари  / Ножиці ,1,964,Ножиці Зажим,125,28,10500
Допоміжні снасті / Інструменти,1,3317,"Набір свердло,шило металевий",55,18,9920
BOUNTY / Пелетс,1,1686,BOUNTY METHOD MIX 4in1 BELACHAN,295,2,8960
Puhach / ПопАП,1,PUPOPUP041,Puhach Baits  Pop Ups 10 mm Multicolor Tiger Nut,176,7,7760
3K / Поп Ап,1,108,Бойли 3-К Baits Pop-Up 10мм (кисла груша) 20г,125,5,7230
Спінінгова ловля  / Мормишка Літня Грушка ,1,2798,Мормишка літня  #35,35,15,6930
